Id,Business,Company,Country,Date,Derived products,Parent Company,Value (USD)
1,Software,Aptrix,Australia,15-Jul-03,,IBM,
2,Asset Management,DORANA product line from Ubiquity Pty Limited,Australia,4-Oct-06,,IBM,
3,Innovation Consultancy,Vivant Digital,Australia,5-Oct-17,,IBM,
4,Online auction tools,Sold.com.au,Australia,14-Feb-01,Yahoo! Shopping,Yahoo,30000000
5,Daily deals,Spreets,Australia,20-Jan-11,Spreets,Yahoo,40000000
6,,Where2,Australia,4-Oct,Google Maps,Alphabet,
7,,Orion,Australia,9-Apr-06,Google Search,Alphabet,
8,Software,Proximity,Australia,4-Dec-06,Final Cut Server,Apple,
9,Internet software,DCG,Australia,3-Mar-03,,Microsoft,
10,Mobile,5th Finger,Australia,17-Nov-05,,Microsoft,3153000
11,Music Service,We Are Hunted,Australia,1-Nov-12,,Twitter,
12,RDP applications,HLW Software,Austria,12-Oct-13,,Microsoft,
13,,AIMatter,Belarus,16-Aug-17,YouTube,Alphabet,
14,,MSQRD (Masquerade),Belarus,9-Mar-16,,Facebook,
15,Software,Quadreon,Belgium,4-Jun-08,,Microsoft,
16,IT Services,Global Value Solutions,Brazil,6-Sep-06,,IBM,
17,Advertising network,TeRespondo,Brazil,12-Apr-05,Yahoo! Search Marketing,Yahoo,
18,,Akwan Information Technologies,Brazil,19-Jul-05,Internet backbone,Alphabet,
19,Records Management,Tarian Software,Canada,15-Nov-02,,IBM,
20,Software,Think Dynamics,Canada,14-May-03,,IBM,
21,Project Portfolio Management (PPM) software,Systemcorp ALG Ltd.,Canada,19-Nov-04,,IBM,
22,Electronic Forms,"PureEdge Solutions, Inc.",Canada,25-Jul-05,,IBM,
23,Change Data Capture,DataMirror Corporation,Canada,31-Aug-07,,IBM,161000000
24,Internet Protocol Television (IPTV),"Qinnova, Inc.",Canada,7-Sep-07,,IBM,
25,Business Intelligence,Cognos,Canada,31-Jan-08,,IBM,5000000000
26,Business Server Software,Net Integration Technologies Inc.,Canada,15-Feb-08,,IBM,
27,Financial governance,Clarity Systems,Canada,21-Oct-10,,IBM,350000000
28,Risk Management,Algorithmics Inc.[119],Canada,1-Sep-11,,IBM,387000000
29,Cluster and Grid Management Software,Platform Computing,Canada,12-Oct-11,,IBM,
30,Compensation and Sales Performance Management Software Solutions,Varicent,Canada,13-Apr-12,,IBM,
31,Image hosting service,Ludicorp,Canada,20-Mar-05,Flickr,Yahoo,40000000
32,,Reqwireless,Canada,5-Jul,Google Mobile,Alphabet,
33,,BumpTop,Canada,30-Apr-10,Android,Alphabet,30000000
34,,Zetawire,Canada,10-Aug,"Android, Google Wallet, Google Checkout",Alphabet,
35,,SocialDeck,Canada,30-Aug-10,"Google, Google+",Alphabet,
36,,PushLife,Canada,8-Apr-11,Google Play,Alphabet,25000000
37,,PostRank,Canada,3-Jun-11,Google+ Google Analytics,Alphabet,
38,,SocialGrapple,Canada,11-Oct-11,Google+ Google Analytics,Alphabet,
39,,BufferBox,Canada,30-Nov-12,"Google Shopping, Android",Alphabet,17000000
40,,DNNresearch,Canada,12-Mar-13,"Google, X",Alphabet,
41,Video Stream Management,mDialog,Canada,19-Jun-14,DoubleClick,Alphabet,
42,,Synergyse,Canada,2-May-16,Google Docs,Alphabet,
43,Software,SchemaSoft,Canada,5-Mar,iWork,Apple,
44,Web-based mapping,Poly9,Canada,14-Jul-10,Apple Maps,Apple,
45,Maps,Locationary,Canada,19-Jul-13,Apple Maps,Apple,
46,Augmented reality head-mounted display,Vrvana,Canada,22-Sep-17,ARKit,Apple,30000000
47,Feedback Platform for Development teams,Buddybuild,Canada,2-Jan-18,"Xcode, TestFlight",Apple,
48,Software,Consumers Software,Canada,31-Mar-91,,Microsoft,
49,Wholesale 3-D visualization software,Softimage,Canada,28-Feb-94,,Microsoft,
50,Software,Panorama Software Sys-On-Line[note 2],Canada,1-Nov-96,,Microsoft,
51,Internet software development,LinkAge Software,Canada,30-Jun-97,,Microsoft,
52,Encryption software,Zoomit,Canada,7-Jul-99,,Microsoft,
53,Software,Intellisol International,Canada,2-May-01,,Microsoft,
54,Internet software,NCompass Labs,Canada,31-May-01,,Microsoft,36000000
55,Enterprise software,AssetMetrix,Canada,26-Apr-06,,Microsoft,
56,Business intelligence software,90 Degree Software,Canada,31-Mar-08,,Microsoft,
57,Interactive online gaming,BigPark,Canada,7-May-09,,Microsoft,
58,Software,Opalis Software,Canada,10-Dec-09,,Microsoft,
59,Release management,InRelease,Canada,3-Jun-13,,Microsoft,
60,Software,Inception Mobile Inc.,Canada,1-Aug-14,,Microsoft,
61,Mobile business intelligence & Data visualization,"Datazen Software, Inc.",Canada,14-Apr-15,,Microsoft,
62,Web portal and application lifecycle management solutions,Adxstudio Inc.,Canada,28-Sep-15,,Microsoft,
63,Music discovery,Groove,Canada,9-Feb-16,,Microsoft,
64,Artificial intelligence,Maluuba,Canada,13-Jan-17,,Microsoft,
65,Video games,Compulsion Games,Canada,11-Jun-18,,Microsoft,
66,File migration,Mover,Canada,21-Oct-19,,Microsoft,
67,,Acrylic Software,Canada,20-Jul-12,Facebook's design team,Facebook,
68,,AbeBooks,Canada,1-Aug-08,AbeBooks,Amazon,
69,,TSO Logic,Canada,14-Jan-19,TSOLogic,Amazon,
70,Certain assets,Tsinghua-Shenxun-Cert Asts,China,31-May-05,,Microsoft,15000000
71,,Joyo.com,China,19-Aug-04,Amazon China,Amazon,75000000
72,Browser Helper Object,3721 Internet Assistant,China,4-Jan,Yahoo! Assistant,Yahoo,120000000
73,Social Analytics,Ztelic,China,18-Jul-13,,Yahoo,
74,,Beat Games,Czech,"November, 2019",Oculus Studio,Facebook,
75,IT Services,Maersk Data and DMdata from Maersk,Denmark,1-Dec-04,,IBM,
76,'Green Screen' Technology,Spektral,Denmark,17-Dec,"Photos, iOS",Apple,30000000
77,Software programming,Navision,Denmark,12-Jul-02,,Microsoft,1330000000
78,Information technology,HOB Business Solutions,Denmark,1-Nov-07,,Microsoft,
79,Price comparison service,Kelkoo,EU,26-Mar-04,Kelkoo,Yahoo,579000000
80,Game server browser,The All-Seeing Eye,EU,2-Oct-04,Yahoo! Games,Yahoo,
81,Mobile software,Kenet Works,EU,17-Nov-06,Yahoo! Mobile,Yahoo,25000000
82,,Jaiku,Finland,9-Oct-07,Google Mobile,Alphabet,
83,,drawElements,Finland,23-Jul-14,Android,Alphabet,
84,Indoor mapping and navigation,Indoor.io,Finland,1-Dec-16,"Maps, Project Titan",Apple,
85,Sleep tracking hardware,Beddit,Finland,8-May-17,"iOS, watchOS, Apple Watch",Apple,
86,Mobile,Nokia mobile phones unit,Finland,2-Sep-13,,Microsoft,7200000000
87,Education software,Teacher Gaming LLC,Finland,19-Jan-16,,Microsoft,
88,,ProtoGeo Oy,Finland,24-Apr-14,,Facebook,
89,IT Services,Business Continuity Services unit of Schlumberger,France,13-Apr-04,,IBM,
90,Procurement Services,KeyMRO,France,13-Dec-04,,IBM,
91,Business Rules Management Systems,ILOG,France,28-Jul-08,,IBM,340000000
92,,Sparrow,France,20-Jul-12,Gmail,Alphabet,25000000
93,,FlexyCore,France,22-Oct-13,Android,Alphabet,23000000
94,,Moodstocks,France,6-Jul-16,Google Photos,Alphabet,
95,Computer vision,Regaind,France,29-Sep-17,Photos,Apple,
96,Search,MotionBridge,France,13-Feb-06,,Microsoft,17858000
97,Advertising and marketing,ScreenTonic,France,3-May-07,,Microsoft,
98,Mobile music entertainment,Musiwave,France,15-Nov-07,,Microsoft,
99,(Mobile) application development,Capptain,France,1-May-14,,Microsoft,
100,Developer tools,SyntaxTree,France,2-Jul-14,,Microsoft,
101,Social TV,Mesagraph,France,31-Mar-14,,Twitter,
102,,Mobipocket,France,21-Apr-05,Mobipocket,Amazon,
103,,Colis Privé,France,11-Jan-16,,Amazon,
104,Real time transaction fraud detection,Iris Analytics,Germany,15-Jan-16,,IBM,
105,Digital marketing and creative agency,Aperto AG,Germany,2-Feb-16,,IBM,
106,Digital marketing and creative agency,ecx.io AG,Germany,3-Feb-16,,IBM,
107,Collaboration software,XCC (division of TIMETOACT),Germany,31-May-17,,IBM,
108,Advertising and online video,Media Group One,Germany,11-Dec-14,,Yahoo,
109,,allPAY,Germany,31-Dec-05,Google Mobile,Alphabet,
110,,bruNET,Germany,31-Dec-05,Google Mobile,Alphabet,
111,,Neven Vision Germany,Germany,15-Aug-06,"Picasa, Google Goggles",Alphabet,
112,,Zynamics,Germany,1-Mar-11,Project Zero (Google),Alphabet,
113,,DailyDeal,Germany,19-Sep-11,Google Offers,Alphabet,114000000
114,Video Sharing Platform,Nightcorn,Germany,31-Mar-19,YouTube,Alphabet,
115,Software,Astarte-DVD Authoring Software[note 2],Germany,11-Apr-00,"DVD Studio Pro, iDVD",Apple,
116,Music production software,Emagic,Germany,1-Jul-02,"Logic Pro, GarageBand",Apple,30000000
117,Augmented reality,Metaio,Germany,15-May,ARKit,Apple,
118,Eye tracking hardware and software,SensoMotoric Instruments,Germany,16-Jun-17,ARKit,Apple,
119,Software,VGA-Animation Software Div[note 1],Germany,6-Mar-96,,Microsoft,
120,Mobile Beta Distribution & Crash Analytics,HockeyApp,Germany,11-Dec-14,,Microsoft,
121,Wunderlist to-do list applications,6 Wunderkinder GmbH,Germany,2-Jun-15,,Microsoft,
122,,Fayteq AG,Germany,17-Aug,Facebook Live,Facebook,
123,,Telebook,Germany,27-Apr-98,Amazon Germany,Amazon,
124,,BlindType,Greece,1-Oct-10,Android,Alphabet,
125,Online messaging and collaboration,Outblaze's E-Mail Service Assets,HKG,15-Jan-09,,IBM,
126,Geosocial network,Koprol,Indonesia,25-May-10,Koprol,Yahoo,
127,BPO Services,Daksh e-Services,India,7-Apr-04,,IBM,170000000
128,IT Services,Network Solutions Pvt Ltd,India,10-Nov-05,,IBM,
129,Hybrid cloud recovery,Sanovi Technologies,India,27-Oct-16,,IBM,
130,Document Handling,Bookpad,India,22-Sep-14,,Yahoo,15000000
131,,Halli Labs,India,12-Jul-17,,Alphabet,
132,,Sigmoid Labs,India,10-Dec-18,,Alphabet,40000000
133,Machine learning,Tuplejump,India,22-Sep-16,"Siri, CoreML",Apple,
134,Mobile marketing and analytics,ZipDial,India,20-Jan-15,,Twitter,
135,,Little Eye Labs,India,8-Jan-14,,Facebook,15000000
136,,Emvantage Payments,India,16-Feb-16,Amazon Web Services,Amazon,
137,,Westland,India,28-Oct-16,Westland,Amazon,
138,,Tapzo,India,28-Aug-18,Amazon Pay,Amazon,40000000
139,,Green Parrot Pictures,Ireland,16-Mar-11,YouTube,Alphabet,
140,,Thrive Audio,Ireland,16-Apr-15,Google Cardboard,Alphabet,
141,Video game physics engine,Havok,Ireland,2-Oct-15,,Microsoft,
142,,Infiniled,Ireland,10-Oct-16,,Facebook,
143,Smarter Cities,Cúram Software,Ireland,5-Dec-11,,IBM,
144,Mobile Networks Big Data Analytics,The Now Factory,Ireland,1-Oct-13,,IBM,
145,Enterprise storage,XIV,Israel,2-Jan-08,,IBM,300000000
146,Software Development Firm,Worklight,Israel,31-Jan-12,,IBM,70000000
147,Cloud Computing,CSL International,Israel,9-Jul-13,,IBM,
148,Cyber Security,Trusteer,Israel,15-Aug-13,,IBM,1000000000
149,Application discovery and dashboard visualization,EZSource,Israel,1-Jun-16,,IBM,
150,SmartAds,Dapper,Israel,4-Oct-10,Dapper,Yahoo,55000000
151,Video Streaming Platform,RayV,Israel,12-Jul-14,,Yahoo,
152,Ad Security,ClarityRay,Israel,15-Aug-14,,Yahoo,
153,,LabPixies,Israel,27-Apr-10,"iGoogle, Android",Alphabet,
154,,Quiksee,Israel,13-Sep-10,Google Maps,Alphabet,10000000
155,GPS Navigation Software,Waze,Israel,11-Jun-13,"Google Maps , Waze",Alphabet,966000000
156,,SlickLogin,Israel,16-Feb-14,Project Zero (Google),Alphabet,
157,,Velostrata,Israel,9-May-18,Google Cloud Platform,Alphabet,
158,,Alooma,Israel,19-Feb-19,Google Cloud Platform,Alphabet,
159,Flash memory,Anobit,Israel,20-Dec-11,"iPod, iPhone, iPad",Apple,500000000
160,Structured-light 3D scanners,PrimeSense,Israel,24-Nov-13,"Face ID, TrueDepth[71][72]",Apple,360000000
161,Camera,LinX,Israel,14-Apr-15,iPhone Camera,Apple,20000000
162,Digital TV services,Peach Networks,Israel,29-Feb-00,,Microsoft,
163,Software,Maximal Innovative Intelligence,Israel,21-Jun-01,,Microsoft,20000000
164,Applications,Whale Communications,Israel,26-Jul-06,,Microsoft,
165,Applications,Gteko,Israel,26-Sep-06,,Microsoft,
166,Software,YaData,Israel,27-Feb-08,,Microsoft,
167,"Developer of ZCam, a time-of-flight camera",3DV Systems,Israel,1-Mar-09,,Microsoft,35000000
168,Enterprise Security & machine learning,Aorato,Israel,13-Nov-14,,Microsoft,
169,Text Analytics Service,Equivio,Israel,20-Jan-15,,Microsoft,
170,Styli and pen input hardware and software,N-trig,Israel,12-Feb-15,,Microsoft,200000000
171,Cloud security,Adallom,Israel,19-Jul-15,,Microsoft,320000000
172,Data protection,Secure Islands Technologies Ltd.,Israel,9-Nov-15,,Microsoft,
173,Cybersecurity,Hexadite,Israel,8-Jun-17,,Microsoft,100000000
174,Cloud business management,Cloudyn,Israel,28-Jun-17,,Microsoft,50000000
175,Data Center Company,Cloudigo,Israel,24-Sep-17,,IBM,
176,,Snaptu,Israel,20-Mar-11,Mobile,Facebook,70000000
177,,Face.com,Israel,18-Jun-12,,Facebook,100000000
178,,Onavo,Israel,13-Oct-13,,Facebook,
179,,Pebbles,Israel,16-Jul-15,,Facebook,60000000
180,,Redkix,Israel,26-Jul-18,Workplace by Facebook,Facebook,100000000
181,,Dreambit,Israel,"November, 2018",,Facebook,
182,,Servicefriend,Israel,"September, 2019",Calibra,Facebook,
183,,Annapurna Labs,Israel,22-Jan-15,Annapurna Labs,Amazon,350000000
184,,CloudEndure,Israel,10-Jan-19,CloudEndure,Amazon,250000000
185,,E8 Storage,Israel,31-Jul-19,Amazon Web Services,Amazon,
186,Cloud Security (Identity and Access Governance),CrossIdeas,Italy,31-Jul-14,,IBM,
187,Audio,Redmatica,Italy,2-Jun-12,"Logic Pro, GarageBand",Apple,
188,Backend Development,Stamplay,Italy,21-Mar-19,,Apple,5600000
189,Internet of Things platform,Solair,Italy,3-May-16,,Microsoft,
190,,NICE,Italy,12-Feb-16,Amazon Web Services,Amazon,
191,,Schaft,Japan,2-Dec-13,X,Alphabet,
192,Social media,Maktoob.com,Jordan,25-Aug-09,Maktoob.com,Yahoo,167000000
193,Telecommunications,Skype Technologies,Luxembourg,10-May-11,,Microsoft,8500000000
194,,Octazen,Malaysia,19-Feb-10,Websluths,Facebook,
195,Information security,"Consul Risk Management, Inc.",Netherlands,22-Jan-07,,IBM,
196,Digital magazine,Prss,Netherlands,23-Sep-14,Apple News[85],Apple,
197,,Sofa,Netherlands,9-Jun-11,,Facebook,
198,,Liquavista,Netherlands,13-May-13,Amazon Kindle,Amazon,
199,Wireless charging,PowerbyProxi,New Zealand,17-Oct,"iPhone, AirPower",Apple,
200,Cloud computing,GreenButton,New Zealand,1-May-14,,Microsoft,
201,Identity management,Metamerge,Norway,25-Jun-02,,IBM,
202,Enterprise search[clarification needed],Fast Search & Transfer,Norway,25-Apr-08,,Microsoft,1191000000
203,,Digisfera,Portugal,17-Oct-15,Street View,Alphabet,
204,Mobile applications,Mobicomp,Portugal,26-Jun-08,,Microsoft,
205,Antivirus technology,GeCAD Software,Romania,10-Jun-03,,Microsoft,
206,Analytics and Optimisation,RedPill Solutions,Singapore,22-Sep-09,,IBM,
207,,Pie,Singapore,18-Feb-16,Spaces (app),Alphabet,
208,,TNC,South Korea,12-Sep-08,Blogger,Alphabet,
209,,Panoramio,Spain,1-Jun-07,Panoramio,Alphabet,
210,,VirusTotal.com,Spain,7-Sep-12,Chronicle,Alphabet,
211,,BuyVIP,Spain,4-Oct-10,BuyVIP,Amazon,100000000
212,Installation Software,Rembo Technology,Switzerland,27-Jun-06,,IBM,
213,Enterprise software development,Telelogic AB,Sweden,3-Apr-08,,IBM,845000000
214,,Trendalyzer,Sweden,16-Mar-07,Google Analytics,Alphabet,
215,,Marratech,Sweden,19-Apr-07,"Google Talk, Google Hangouts",Alphabet,15000000
216,,Limes Audio,Sweden,5-Jan-17,"Google Duo, Google Hangouts",Alphabet,
217,Facial recognition,Polar Rose,Sweden,20-Sep-10,iOS,Apple,29000000
218,3D mapping,C3 Technologies,Sweden,1-Aug-11,Maps,Apple,267000000
219,Mobile data compression[67],AlgoTrim,Sweden,28-Aug-13,iOS,Apple,
220,Application software,Sendit,Sweden,1-Jul-99,,Microsoft,125420000
221,Video games,Mojang,Sweden,6-Nov-14,,Microsoft,2500000000
222,3D graphics optimization,Simplygon,Sweden,17-Jan-17,,Microsoft,
223,,IGDB,Sweden,17-Sep-19,Twitch Interactive,Amazon,
224,IT Services,Unicible,Switzerland,20-Apr-07,,IBM,460000000
225,,Endoxon,Switzerland,18-Dec-06,Google Maps,Alphabet,28000000
226,,Bitspin,Switzerland,4-Jan-14,Android,Alphabet,
227,Realtime Motion Capture,Faceshift,Switzerland,15-Nov,Animoji,Apple,
228,Software,media-streams.com,Switzerland,3-Nov-05,,Microsoft,
229,Social analytics,Netbreeze,Switzerland,19-Mar-13,,Microsoft,
230,,Zurich Eye,Switzerland,16-Nov,Oculus VR,Facebook,
231,Smartphones,HTC (portions),Taiwan,21-Sep-17,Google Pixel,Alphabet,1100000000
232,Assets,Global Care Solutions-Assets,Thailand,29-Oct-07,,Microsoft,
233,Web portal,Kimo,Taiwan,9-Nov-00,Yahoo!,Yahoo,30000000
234,Virtual community,Wretch,Taiwan,6-Dec,Wretch,Yahoo,22000000
235,Intelligence Analytics,i2 Limited,United Kingdom,31-Aug-11,,IBM,
236,Data Analysis and Migration Software,Butterfly Software Ltd.,United Kingdom,24-Sep-12,,IBM,
237,Viewer for document management systems,Daeja Image Systems,United Kingdom,19-Sep-13,,IBM,
238,Specialist provider of Microsoft Dynamics CRM based solutions and associated services to the public sector,Optevia,United Kingdom,18-Mar-16,,IBM,
239,Social TV,SecondSync,United Kingdom,31-Mar-14,,Twitter,
240,"Advanced Video Upscaling, Compression and Enhancement",Magic Pony Technology,United Kingdom,20-Jun-16,,Twitter,150000000
241,Geometric Deep Learning & Fake-News detection.,Fabula AI,United Kingdom,3-Jun-19,,Twitter,
242,,Lightbox.com,United Kingdom,15-May-12,,Facebook,
243,,Monoidics,United Kingdom,18-Jul-13,,Facebook,
244,,Ascenta,United Kingdom,27-Mar-14,,Facebook,20000000
245,,Surreal Vision,United Kingdom,26-May-15,,Facebook,
246,,Two Big Ears,United Kingdom,23-May-16,,Facebook,
247,,Chainspace,United Kingdom,19-Feb,Facebook Blockchain,Facebook,
248,Web mapping,Whereonearth,United Kingdom,18-Oct-05,Yahoo! Search Marketing,Yahoo,
249,"News aggregation, summarization",Summly,United Kingdom,25-Mar-13,Yahoo App,Yahoo,30000000
250,,Bloomsbury AI,United Kingdom,18-Jul,,Facebook,30000000
251,,Viewdle,Ukraine,1-Oct-12,Android,Alphabet,45000000
252,,Souq.com,United Arab Emirates,3-Jul-17,Souq.com,Amazon,580000000
253,,Wing.ae,United Arab Emirates,6-Sep-17,Souq.com,Amazon,
254,,Plink,United Kingdom,12-Apr-10,Google Goggles,Alphabet,
255,,Phonetic Arts,United Kingdom,3-Dec-10,"Google Voice, Google Translate",Alphabet,
256,,BeatThatQuote.com,United Kingdom,7-Mar-11,Google Shopping,Alphabet,65000000
257,Artificial Intelligence,DeepMind Technologies,United Kingdom,26-Jan-14,Google DeepMind,Alphabet,625000000
258,,spider.io,United Kingdom,21-Feb-14,"DoubleClick, Adsense",Alphabet,
259,,Rangespan,United Kingdom,2-May-14,Google Shopping,Alphabet,
260,,Dark Blue Labs & Vision Factory,United Kingdom,23-Oct-14,Google DeepMind,Alphabet,10000000
261,,Redux,United Kingdom,11-Jan-18,,Alphabet,
262,,GraphicsFuzz,United Kingdom,6-Aug-18,Android,Alphabet,
263,Software,Xemplar Education,United Kingdom,8-Jan-99,,Apple,4926000
264,High-dynamic-range (HDR) photography,IMSense,United Kingdom,14-Sep-10,iOS,Apple,
265,Speech recognition,Novauris Technologies,United Kingdom,2013,Siri,Apple,
266,Audio plug-ins and sound libraries,Camel Audio,United Kingdom,15-Jan,Logic Pro,Apple,
267,Music analytics,Semetric,United Kingdom,21-Jan-15,"Apple Music, iTunes Store",Apple,50000000
268,Speech technology,VocalIQ,United Kingdom,15-Sep,Siri,Apple,
269,Music and Image recognition,Shazam,United Kingdom,24-Sep-18,"iTunes, Siri, Apple Music",Apple,400000000
270,Chip development,Dialog Semiconductor (portions),United Kingdom,11-Oct-18,,Apple,600000000
271,Artist development,Platoon,United Kingdom,7-Dec-18,,Apple,
272,Software,NextBase,United Kingdom,1-Nov-94,,Microsoft,
273,Systems design,Network Managers,United Kingdom,10-Jul-95,,Microsoft,
274,Community software,STNC,United Kingdom,21-Jul-99,,Microsoft,
275,Video games,Rare,United Kingdom,24-Sep-02,,Microsoft,375000000
276,Video games,Lionhead Studios,United Kingdom,6-Apr-06,,Microsoft,
277,Digital asset management,iView Multimedia,United Kingdom,27-Jun-06,,Microsoft,
278,Mapping,Multimap.com,United Kingdom,12-Dec-07,,Microsoft,
279,Virtual keyboard,SwiftKey,United Kingdom,3-Feb-16,,Microsoft,250000000
280,Video games,Ninja Theory,United Kingdom,11-Jun-18,,Microsoft,
281,Video games,Playground Games,United Kingdom,11-Jun-18,,Microsoft,
282,,Bookpages,United Kingdom,27-Apr-98,Amazon UK,Amazon,
283,,IMDb,United Kingdom,27-Apr-98,IMDb,Amazon,55000000
284,,Digital Photography Review,United Kingdom,14-May-07,Digital Photography Review,Amazon,
285,,LoveFilm,United Kingdom,20-Jan-11,Prime Video,Amazon,312000000
286,,The Book Depository,United Kingdom,4-Jul-11,Book Depository,Amazon,
287,,Pushbutton,United Kingdom,28-Jul-11,,Amazon,
288,,Evi,United Kingdom,17-Apr-12,Amazon Echo,Amazon,26000000
289,,GameSparks,United Kingdom,28-Jul-17,GameSparks,Amazon,10000000
290,,Dejavue,United States,12-Feb-01,Google Groups,Alphabet,
291,,Outride,United States,20-Sep-01,Google Personalized Search,Alphabet,
292,,Pyra Labs,United States,3-Feb,Blogger,Alphabet,
293,,Neotonic Software,United States,3-Apr,"Google Groups, Gmail",Alphabet,
294,,Applied Semantics,United States,3-Apr,"AdSense, AdWords",Alphabet,102000000
295,,Kaltix,United States,30-Sep-03,iGoogle,Alphabet,
296,,Sprinks,United States,3-Oct,"AdSense, AdWords",Alphabet,
297,,Genius Labs,United States,3-Oct,Blogger,Alphabet,
298,,Ignite Logic,United States,10-May-04,Google Sites,Alphabet,
299,,Picasa,United States,13-Jul-04,"Picasa, Blogger",Alphabet,
300,,ZipDash,United States,4-Sep,Google Maps,Alphabet,
301,,Keyhole,United States,27-Oct-04,"Google Maps, Google Earth",Alphabet,
302,,Urchin Software Corporation,United States,28-Mar-05,Google Analytics,Alphabet,
303,,Dodgeball,United States,12-May-05,Google Latitude,Alphabet,
304,,Android,United States,17-Aug-05,Android,Alphabet,50000000
305,,Skia,United States,5-Nov,Skia,Alphabet,
306,,Phatbits,United States,27-Dec-05,Google Desktop,Alphabet,
307,,dMarc Broadcasting,United States,17-Jan-06,AdSense,Alphabet,102000000
308,,Measure Map,United States,14-Feb-06,Google Analytics,Alphabet,
309,,Upstartle,United States,9-Mar-06,Google Docs,Alphabet,
310,,@Last Software,United States,14-Mar-06,Google Sketchup,Alphabet,
311,,2Web Technologies,United States,1-Jun-06,Google Spreadsheet,Alphabet,
312,Video Sharing Platform,YouTube,United States,9-Oct-06,YouTube,Alphabet,1650000000
313,,JotSpot,United States,31-Oct-06,Google Sites,Alphabet,
314,,Adscape,United States,16-Feb-07,AdSense,Alphabet,23000000
315,,Crusix,United States,28-May-07,YouTube,Alphabet,
316,,Tonic Systems,United States,17-Apr-07,Google Docs,Alphabet,
317,Advertising,DoubleClick,United States,13-Apr-07,AdSense,Alphabet,3100000000
318,,GreenBorder,United States,11-May-07,Google Chrome,Alphabet,
319,,FeedBurner,United States,3-Jun-07,FeedBurner,Alphabet,100000000
320,,PeakStream,United States,5-Jun-07,Android,Alphabet,
321,,Zenter,United States,19-Jun-07,Google Docs,Alphabet,
322,,GrandCentral,United States,2-Jul-07,Google Voice,Alphabet,45000000
323,,ImageAmerica,United States,20-Jul-07,Google Maps,Alphabet,
324,Security,Postini,United States,9-Jul-07,Gmail,Alphabet,625000000
325,,Zingku,United States,27-Sep-07,Google Mobile,Alphabet,
326,,Omnisio,United States,30-Jul-08,YouTube,Alphabet,15000000
327,,On2,United States,5-Aug-09,"WebM, YouTube",Alphabet,133000000
328,,reCAPTCHA,United States,16-Sep-09,Google Books,Alphabet,
329,,AdMob,United States,9-Nov-09,"DoubleClick, Invite Media",Alphabet,
330,,Gizmo5,United States,9-Nov-09,"Google Talk, Google Hangouts",Alphabet,30000000
331,,Teracent,United States,23-Nov-09,AdSense,Alphabet,
332,,AppJet,United States,4-Dec-09,"Google Wave, Google Docs",Alphabet,
333,,Aardvark,United States,12-Feb-10,Aardvark,Alphabet,50000000
334,,reMail,United States,17-Feb-10,Gmail,Alphabet,
335,,Picnik,United States,1-Mar-10,Picasa,Alphabet,
336,,DocVerse,United States,5-Mar-10,Google Docs,Alphabet,25000000
337,,Episodic,United States,2-Apr-10,YouTube,Alphabet,
338,,Agnilux,United States,20-Apr-10,Android,Alphabet,
339,,Global IP Solutions,United States,18-May-10,WebRTC,Alphabet,68200000
340,,Simplify Media,United States,20-May-10,Android,Alphabet,
341,,Ruba.com,United States,21-May-10,iGoogle,Alphabet,
342,,Invite Media,United States,3-Jun-10,DoubleClick,Alphabet,81000000
343,,Metaweb,United States,16-Jul-10,Google Search,Alphabet,
344,,Instantiations,United States,4-Aug-10,Google Web Toolkit,Alphabet,
345,,Slide.com,United States,5-Aug-10,"Google+, Orkut, Google Play",Alphabet,228000000
346,,Jambool,United States,10-Aug-10,"Google+, Orkut",Alphabet,70000000
347,,Like.com,United States,15-Aug-10,Google Shopping,Alphabet,100000000
348,,Angstro,United States,30-Aug-10,"Google, Google Alert",Alphabet,
349,,Plannr,United States,28-Sep-10,Google+,Alphabet,
350,,Widevine Technologies,United States,3-Dec-10,Google TV,Alphabet,
351,,eBook Technologies,United States,13-Jan-11,Google Books,Alphabet,
352,,SayNow,United States,25-Jan-11,Google Voice,Alphabet,
353,,Next New Networks,United States,7-Mar-11,YouTube,Alphabet,
354,,ITA Software,United States,"April 12, 2011[136]",Google Flights,Alphabet,676000000
355,,TalkBin,United States,26-Apr-11,Android,Alphabet,
356,,Sparkbuy,United States,23-May-11,Google Shopping,Alphabet,
357,,Admeld,United States,9-Jun-11,"DoubleClick, Invite Media",Alphabet,400000000
358,,SageTV,United States,18-Jun-11,"Google TV, Google Fiber, Android TV",Alphabet,
359,,Punchd,United States,8-Jul-11,Google Offers,Alphabet,
360,,Fridge,United States,21-Jul-11,Google+,Alphabet,
361,,PittPatt,United States,23-Jul-11,Android,Alphabet,
362,,Dealmap,United States,1-Aug-11,Google Offers,Alphabet,
363,Mobile,Motorola Mobility,United States,15-Aug-11,"Android, Google TV, Android TV, Patent portfolio",Alphabet,12500000000
364,,Zave Networks,United States,7-Sep-11,Google Offers,Alphabet,
365,,Zagat,United States,8-Sep-11,"Google Places, Google Maps",Alphabet,151000000
366,,Apture,United States,10-Nov-11,Google Search,Alphabet,
367,,Katango,United States,14-Nov-11,Google+,Alphabet,
368,,RightsFlow,United States,9-Dec-11,YouTube,Alphabet,
369,,Clever Sense,United States,13-Dec-11,Google Maps,Alphabet,
370,,Milk,United States,16-Mar-12,Google+,Alphabet,
371,,TxVia,United States,2-Apr-12,"Google Wallet, Google Checkout",Alphabet,
372,,Meebo,United States,4-Jun-12,Google+,Alphabet,100000000
373,,Quickoffice,United States,5-Jun-12,Google Docs,Alphabet,
374,,WIMM Labs,United States,2012,Android Wear,Alphabet,
375,,Wildfire Interactive,United States,1-Aug-12,"Google, Google+",Alphabet,450000000
376,,Nik Software,United States,17-Sep-12,"Google, Android",Alphabet,
377,,Incentive Targeting,United States,28-Nov-12,Google Offers,Alphabet,
378,,Channel Intelligence,United States,6-Feb-13,Google Shopping,Alphabet,125000000
379,,Talaria Technologies,United States,15-Mar-13,Google Cloud,Alphabet,
380,,Behavio,United States,12-Apr-13,Google Now,Alphabet,
381,,Wavii,United States,23-Apr-13,Google Knowledge Graph,Alphabet,30000000
382,,Makani Power,United States,23-May-13,X,Alphabet,
383,,Bump,United States,16-Sep-13,Google Photos,Alphabet,
384,,Flutter,United States,2-Oct-13,"Google, Android, X",Alphabet,40000000
385,,Industrial Perception,United States,3-Dec-13,X,Alphabet,
386,,Redwood Robotics,United States,4-Dec-13,X,Alphabet,
387,,Meka Robotics,United States,5-Dec-13,X,Alphabet,
388,,Holomni,United States,6-Dec-13,X,Alphabet,
389,,Bot & Dolly,United States,7-Dec-13,X,Alphabet,
390,,Autofuss,United States,8-Dec-13,X,Alphabet,
391,Home automation,Nest Labs,United States,13-Jan-14,Google Nest,Alphabet,3200000000
392,,Impermium,United States,15-Jan-14,Project Zero (Google),Alphabet,
393,,GreenThrottle,United States,12-Mar-14,Android,Alphabet,
394,,Titan Aerospace,United States,14-Apr-14,Project Loon,Alphabet,
395,,Adometry,United States,6-May-14,Google Analytics AdSense,Alphabet,
396,,Appetas,United States,7-May-14,Google My Business,Alphabet,
397,,Stackdriver,United States,7-May-14,Google Cloud Platform,Alphabet,
398,,MyEnergy,United States,7-May-14,Nest Labs,Alphabet,
399,,Quest Visual,United States,16-May-14,Google Translate,Alphabet,
400,,Divide,United States,19-May-14,Android for Work,Alphabet,
401,,Skybox Imaging,United States,10-Jun-14,"Google Maps, Project Loon",Alphabet,500000000
402,,Alpental Technologies,United States,19-Jun-14,Google,Alphabet,
403,,Dropcam,United States,20-Jun-14,Nest Labs,Alphabet,555000000
404,,Appurify,United States,25-Jun-14,Android,Alphabet,
405,,Songza,United States,1-Jul-14,"Google Play, Android TV",Alphabet,
406,,Emu,United States,6-Aug-14,"Google Hangouts, Google Now",Alphabet,
407,,Director,United States,6-Aug-14,"YouTube, Android",Alphabet,
408,,Jetpac,United States,17-Aug-14,Picasa,Alphabet,
409,,Gecko Design,United States,23-Aug-14,X,Alphabet,
410,,Zync Render,United States,26-Aug-14,Google Cloud Platform,Alphabet,
411,,Lift Labs,United States,10-Sep-14,Verily,Alphabet,
412,,Polar,United States,11-Sep-14,Google+,Alphabet,
413,,Firebase,United States,21-Oct-14,Google Cloud Platform,Alphabet,
414,,Revolv,United States,24-Oct-14,Nest Labs,Alphabet,
415,,RelativeWave,United States,19-Nov-14,Android,Alphabet,
416,,Vidmaker,United States,17-Dec-14,YouTube,Alphabet,
417,,Launchpad Toys,United States,4-Feb-15,YouTube for Kids,Alphabet,
418,,Odysee,United States,8-Feb-15,Google+,Alphabet,
419,,Softcard,United States,23-Feb-15,Android Pay,Alphabet,
420,,Red Hot Labs,United States,24-Feb-15,Google Play,Alphabet,
421,,Skillman & Hackett,United States,16-Apr-15,Tilt Brush,Alphabet,
422,,Timeful,United States,4-May-15,"Google Inbox, Google Calendar",Alphabet,
423,,Pulse.io,United States,28-May-15,Android,Alphabet,
424,,Pixate,United States,21-Jul-15,Android,Alphabet,
425,,Oyster,United States,21-Sep-15,Google Play Books,Alphabet,
426,,Jibe Mobile,United States,30-Sep-15,Android,Alphabet,
427,,Agawi,United States,18-Jun-15,"Android, Google Play",Alphabet,
428,,Fly Labs,United States,11-Nov-15,Google Photos,Alphabet,
429,,bebop,United States,11-Nov-15,Google Cloud Platform,Alphabet,380000000
430,,BandPage,United States,12-Feb-16,YouTube,Alphabet,
431,,Webpass,United States,22-Jun-16,Google Fiber,Alphabet,
432,,Anvato,United States,8-Jul-16,Google Cloud Platform,Alphabet,
433,,Kifi,United States,12-Jul-16,Spaces (app),Alphabet,
434,,LaunchKit,United States,27-Jul-16,Firebase,Alphabet,
435,,Orbitera,United States,8-Aug-16,Google Cloud Platform,Alphabet,100000000
436,,Apigee,United States,8-Sep-16,Google Cloud Platform,Alphabet,625000000
437,,Urban Engines,United States,15-Sep-16,Google Maps,Alphabet,
438,,API.AI,United States,19-Sep-16,Google Assistant,Alphabet,
439,,LeapDroid,United States,5-Nov-16,Android,Alphabet,
440,,Cronologics,United States,13-Dec-16,Android Wear,Alphabet,
441,,Fabric,United States,19-Jan-17,Firebase,Alphabet,
442,,Kaggle,United States,8-Mar-17,Google Cloud Platform,Alphabet,
443,,AppBridge,United States,9-Mar-17,Google Docs,Alphabet,
444,,Owlchemy Labs,United States,10-May-17,Google VR,Alphabet,
445,,Bitium,United States,26-Sep-17,Google Cloud Platform,Alphabet,
446,,Relay Media,United States,9-Oct-17,Accelerated Mobile Pages,Alphabet,
447,,60db,United States,11-Oct-17,"Google Play Music, Google Podcasts",Alphabet,
448,,Tenor,United States,27-Mar-18,Google Images,Alphabet,
449,,Cask,United States,14-May-18,Google Cloud Platform,Alphabet,
450,,Senosis,United States,19-Sep-18,Nest Labs,Alphabet,
451,,Onward,United States,2-Oct-18,,Alphabet,
452,,Workbench,United States,28-Nov-18,Google Classroom,Alphabet,
453,,Superpod,United States,3-Jan-19,Google Assistant,Alphabet,60000000
454,Business Intelligence,Looker,United States,6-Jun-19,Google Cloud Platform,Alphabet,2600000000
455,,Elastifile,United States,9-Jul-19,Google Cloud Platform,Alphabet,
456,,Socratic,United States,16-Oct-19,,Alphabet,
457,,CloudSimple,United States,18-Nov-19,Google Cloud Platform,Alphabet,
458,Software,Network Innovations,United States,2-Mar-88,Data Access Language (DAL),Apple,
459,Satellite communication systems,Orion Network Systems,United States,7-Jun-88,,Apple,
460,Computer software,Styleware[note 1],United States,27-Jun-88,"AppleWorks GS, iWork, iLife",Apple,
461,Computer software,Nashoba Systems[note 1],United States,11-Jul-88,FileMaker,Apple,
462,Computer software,Coral Software,United States,3-Jan-89,Macintosh Common Lisp,Apple,
463,Unix-like hardware and software platform,NeXT,United States,7-Feb-97,"Mac OS X/macOS, Darwin, iOS, tvOS, watchOS, audioOS",Apple,404000000
464,Macintosh clones,Power Computing Corporation,United States,2-Sep-97,,Apple,110000000
465,Computer graphic chips,Raycer Graphics,United States,3-Nov-99,,Apple,15000000
466,Internet software,NetSelector,United States,7-Jan-00,,Apple,
467,Software,SoundJam MP[note 3],United States,2000 (Q4),iTunes,Apple,
468,Productivity software,Bluefish Labs,United States,Early 2001,iWork,Apple,
469,Internet service provider (ISP),bluebuzz,United States,11-May-01,,Apple,
470,Graphics software,Spruce Technologies[note 4],United States,9-Jul-01,DVD Studio Pro,Apple,14900000
471,Online info systems services,PowerSchool,United States,31-Dec-01,PowerSchool,Apple,66100000
472,Special effects software,Nothing Real,United States,1-Feb-02,Shake,Apple,15000000
473,FireWire chips and software,Zayante,United States,4-Apr-02,FireWire,Apple,13000000
474,Digital effects software,Silicon Grail Corp-Chalice[note 6][note 7],United States,11-Jun-02,Motion,Apple,20000000
475,internet and network optimization for wireless carriers,Propel Software,United States,20-Jun-02,Safari,Apple,
476,Special-effects titling software for film and video,Prismo Graphics[note 7],United States,21-Jun-02,LiveType (Final Cut Studio),Apple,20000000
477,Gesture recognition company,FingerWorks,United States,5-Apr,iOS,Apple,
478,Software,Silicon Color,United States,16-Oct-06,Color (Final Cut Studio),Apple,
479,Semiconductors,P.A. Semi,United States,24-Apr-08,Apple SOC,Apple,278000000
480,Maps,Placebase,United States,7-Jul-09,Apple Maps,Apple,
481,Music streaming,Lala.com,United States,4-Dec-09,"iCloud, iTunes Match",Apple,17000000
482,Mobile advertising,Quattro Wireless,United States,5-Jan-10,iAd,Apple,275000000
483,Semiconductors,Intrinsity,United States,27-Apr-10,Apple SOC,Apple,121000000
484,Voice control software,Siri,United States,27-Apr-10,Siri,Apple,
485,App search engine,Chomp,United States,23-Feb-12,App Store,Apple,50000000
486,PC and mobile security products,AuthenTec,United States,27-Jul-12,Touch ID,Apple,356000000
487,HTML5 Web app firm,Particle,United States,27-Sep-12,"iCloud, iAd",Apple,
488,Search engine,OttoCat,United States,2013,App Store,Apple,
489,Indoor location,WiFiSlam,United States,23-Mar-13,Apple Maps,Apple,20000000
490,Maps,HopStop.com,United States,19-Jul-13,Apple Maps,Apple,
491,Semiconductors,Passif Semiconductor,United States,1-Aug-13,Apple SOC,Apple,
492,Media discovery app,Matcha,United States,13-Aug-13,TV app for Apple TV and iOS,Apple,
493,Maps,Embark,United States,22-Aug-13,Apple Maps,Apple,
494,Personal assistant,Cue,United States,3-Oct-13,Siri,Apple,50000000
495,Analytics,Topsy,United States,2-Dec-13,"App Store, Apple Music, iTunes Store[74]",Apple,200000000
496,Maps,BroadMap,United States,23-Dec-13,Apple Maps,Apple,
497,Software,Catch.com,United States,23-Dec-13,Siri,Apple,
498,Database analytics,Acunu,United States,13-Dec,iCloud,Apple,
499,Photography software,SnappyLabs,United States,4-Jan-14,Camera,Apple,
500,Software testing,Burstly,United States,21-Feb-14,"TestFlight, App Store",Apple,
501,microLED displays,LuxVue Technology,United States,2-May-14,,Apple,
502,Social search engine,Spotsetter,United States,6-Jun-14,Apple Maps,Apple,
503,Music streaming,Swell,United States,29-Jun-14,Apple Music,Apple,30000000
504,Book analytics,BookLamp,United States,29-Jun-14,iBooks,Apple,
505,"Headphones, music streaming (Beats Music)",Beats Electronics,United States,1-Aug-14,"iPhone, iTunes, Apple Music",Apple,
506,On-Screen Keyboard,Dryft,United States,2014,iOS Keyboard,Apple,
507,Database,FoundationDB,United States,24-Mar-15,iMessage Backend,Apple,
508,GPS,Coherent Navigation,United States,15-Apr,Apple Maps,Apple,
509,Mapping visualization and data collection,Mapsense,United States,15-Sep,Apple Maps,Apple,27500000
510,"Machine learning, Image recognition",Perceptio,United States,15-Sep,"Face ID, Animoji, Photos",Apple,
511,Emotion recognition,Emotient,United States,7-Jan-16,"Face ID, Animoji[103]",Apple,
512,Education technology,LearnSprout,United States,28-Jan-16,Classroom iPad App,Apple,
513,Augmented reality,Flyby Media,United States,29-Jan-16,ARKit,Apple,
514,Platform security,LegbaCore,United States,3-Feb-16,Exposed firmware exploit in Apple computers.[107],Apple,
515,Machine learning,Turi,United States,5-Aug-16,"Xcode, Core ML",Apple,200000000
516,Personal health info collection company,Gliimpse,United States,22-Aug-16,"HealthKit, CareKit, ResearchKit",Apple,
517,Automation and scripting app,Workflow,United States,23-Mar-17,Shortcuts (iOS 12)[119],Apple,
518,Artificial intelligence,Lattice Data,United States,13-May-17,Photos,Apple,200000000
519,Messaging assistant,init.ai,United States,17-Oct,Siri,Apple,
520,Quantum dot-based image sensors,InVisage Technologies,United States,9-Nov-17,"iPhone, iPad",Apple,
521,tools for searching digital spoken words,Pop Up Archive,United States,5-Dec-17,"iTunes, Apple Music",Apple,
522,Machine learning,Laserlike,United States,2018,"Artificial Intelligence, Siri",Apple,
523,"Artificial Intelligence, home monitoring",Silk Labs,United States,2018,,Apple,
524,Asthma monitoring,Tueo Health,United States,2018,,Apple,
525,Data science,Silicon Valley Data Science,United States,18-Jan,,Apple,
526,Lenses for augmented reality glasses,Akonia Holographics,United States,29-Aug-18,,Apple,
527,Autonomous vehicles,Drive.ai,United States,25-Jun-19,,Apple,
528,Smartphone modems,Intel's smartphone modem business,United States,25-Jul-19,Apple SOC,Apple,
529,Computer software,"Forethought, Inc.",United States,30-Jul-87,,Microsoft,14000000
530,PC database software,Fox Software,United States,29-Jun-92,,Microsoft,
531,Software,Altamira Software,United States,27-Sep-94,,Microsoft,
532,Software,One Tree Software,United States,15-Nov-94,,Microsoft,
533,3D graphics hardware,RenderMorphics,United States,23-Feb-95,,Microsoft,
534,Software,The Blue Ribbon SoundWorks,United States,17-Oct-95,,Microsoft,
535,Computer software,Netwise,United States,6-Nov-95,,Microsoft,
536,Programming,Bruce Artwick Organization,United States,12-Dec-95,,Microsoft,
537,Software,Vermeer Technologies,United States,16-Jan-96,,Microsoft,133000000
538,Software,Colusa Software,United States,12-Mar-96,,Microsoft,
539,Video game controllers,Exos,United States,16-Apr-96,,Microsoft,
540,Computer software,Aspect Software Engineering,United States,23-Apr-96,,Microsoft,14150000
541,Software,eShop Inc.,United States,11-Jun-96,,Microsoft,
542,Electronic games,Electric Gravity,United States,17-Jun-96,,Microsoft,
543,Internet software,NetCarta,United States,3-Feb-97,,Microsoft,20000000
544,Internet software,Interse,United States,3-Mar-97,,Microsoft,
545,Internet service provider,WebTV Networks,United States,30-Apr-97,,Microsoft,425000000
546,Java-based platforms,Dimension X,United States,7-May-97,,Microsoft,
547,Programming,Cooper & Peters,United States,13-Jun-97,,Microsoft,
548,Internet video software,VXtreme,United States,5-Aug-97,,Microsoft,
549,Internet software,Hotmail,United States,31-Dec-97,,Microsoft,500000000
550,Enterprise instant messaging software,Flash Communications,United States,23-Feb-98,,Microsoft,
551,Relationship management software,Firefly,United States,15-Apr-98,,Microsoft,40000000
552,Data sharing software,MESA Group,United States,28-Apr-98,,Microsoft,
553,Internet software,Valence Research,United States,25-Aug-98,,Microsoft,
554,Internet advertising network,LinkExchange,United States,6-Nov-98,,Microsoft,265000000
555,Computer game software,FASA Interactive,United States,11-Jan-99,,Microsoft,
556,Shopping online,CompareNet,United States,4-Mar-99,,Microsoft,
557,Software,Numinous Technologies,United States,26-Mar-99,,Microsoft,
558,Web music software,Interactive Objects-Digital,United States,27-Apr-99,,Microsoft,
559,Internet service provider,Jump Networks,United States,30-Apr-99,,Microsoft,
560,Wholesale computer software,ShadowFactor Software,United States,7-Jun-99,,Microsoft,
561,Internet software,Omnibrowse,United States,15-Jun-99,,Microsoft,
562,Defect detection software,Intrinsa,United States,28-Jun-99,,Microsoft,58900000
563,Computer programming,Softway Systems,United States,19-Sep-99,,Microsoft,
564,Software,Entropic,United States,29-Oct-99,,Microsoft,
565,Wholesale drawing software,Visio Corporation,United States,7-Jan-00,,Microsoft,1375000000
566,Internet service provider,Travelscape,United States,17-Mar-00,,Microsoft,89750000
567,Cable television,Titus Communications,United States,12-Apr-00,,Microsoft,944800000
568,Computer software,Bungie,United States,19-Jun-00,,Microsoft,
569,Software,NetGames,United States,12-Jul-00,,Microsoft,
570,Online music search engine,MongoMusic,United States,13-Sep-00,,Microsoft,65000000
571,Digital audio technology,Pacific Microsonics,United States,27-Sep-00,,Microsoft,
572,Video games,Digital Anvil,United States,5-Dec-00,,Microsoft,
573,Internet service provider,Vacationspot,United States,17-Mar-01,,Microsoft,70850000
574,Business management software,Great Plains Software,United States,5-Apr-01,,Microsoft,939884000
575,Video games,Ensemble Studios,United States,3-May-01,,Microsoft,
576,Online Spanish Portal,Yupi,United States,1-Jul-01,,Microsoft,
577,Travel agency,Classic Custom Vacations,United States,11-Mar-02,,Microsoft,78000000
578,Software,Sales Management Systems,United States,22-May-02,,Microsoft,
579,Computer consulting,Mobilocity,United States,29-Jul-02,,Microsoft,
580,Security software,XDegrees,United States,10-Sep-02,,Microsoft,
581,Online enterprise location,Vicinity,United States,13-Dec-02,,Microsoft,95849000
582,Software,Connectix,United States,25-Feb-03,,Microsoft,
583,Web conferencing,PlaceWare,United States,30-Apr-03,,Microsoft,200000000
584,Information technology,G.A. Sullivan,United States,27-May-03,,Microsoft,
585,Software,3DO Co-High Heat Baseball,United States,29-Aug-03,,Microsoft,450000
586,IP assets,Encore Bus Solutions-IP Asts,United States,22-Apr-04,,Microsoft,
587,Reporting systems,ActiveViews,United States,26-Apr-04,,Microsoft,
588,Personal search tool,Lookout Software,United States,16-Jul-04,,Microsoft,
589,Anti-spyware,GIANT Company Software,United States,16-Dec-04,,Microsoft,
590,Software,en'tegrate,United States,2-Mar-05,,Microsoft,
591,Community software,Groove Networks,United States,9-Apr-05,,Microsoft,
592,Messaging,MessageCast,United States,11-May-05,,Microsoft,7000000
593,Software,Sybari Software,United States,21-Jun-05,,Microsoft,
594,VoIP,Teleo,United States,29-Aug-05,,Microsoft,
595,Email protection,FrontBridge Technologies,United States,31-Aug-05,,Microsoft,
596,Certificate management software,Alacris,United States,19-Sep-05,,Microsoft,
597,Software,UMT-Software and IP Assets,United States,19-Jan-06,,Microsoft,
598,Software,Seadragon Software,United States,13-Feb-06,,Microsoft,
599,Software,Apptimum,United States,7-Mar-06,,Microsoft,
600,Internet software,Onfolio,United States,7-Mar-06,,Microsoft,
601,Video game advertising,Massive Incorporated,United States,4-May-06,,Microsoft,
602,Mapping software,Vexcel,United States,4-May-06,,Microsoft,
603,Web log analysis,DeepMetrix,United States,15-May-06,,Microsoft,
604,Analysis software,ProClarity,United States,6-Jun-06,,Microsoft,
605,application virtualization software,Softricity,United States,17-Jul-06,,Microsoft,
606,Software,Winternals Software,United States,18-Jul-06,,Microsoft,
607,Applications,DesktopStandard,United States,2-Oct-06,,Microsoft,
608,Natural language software,Colloquis,United States,12-Oct-06,,Microsoft,
609,Internet search engine,Medstory,United States,9-Mar-07,,Microsoft,
610,Software tools,devBiz Business Solutions,United States,26-Mar-07,,Microsoft,
611,Mobile phone software,Tellme Networks,United States,3-May-07,,Microsoft,
612,Business Intelligence software,SoftArtisans,United States,9-May-07,,Microsoft,
613,Information technology,Engyro,United States,4-Jun-07,,Microsoft,
614,Master Data Management,Stratature,United States,7-Jun-07,,Microsoft,
615,Networking,Savvis Inc-Data Centers,United States,29-Jun-07,,Microsoft,200000000
616,Ad Exchange,AdECN,United States,13-Aug-07,,Microsoft,
617,Advertising,aQuantive,United States,13-Aug-07,,Microsoft,6333000000
618,Search engine,Jellyfish.com,United States,2-Oct-07,,Microsoft,
619,Enterprise messaging software,Parlano,United States,5-Oct-07,,Microsoft,
620,Software,Calista Technologies,United States,22-Jan-08,,Microsoft,
621,Software,Caligari Corporation,United States,7-Feb-08,,Microsoft,
622,Advertising yield management software,Rapt,United States,14-Mar-08,,Microsoft,
623,Rootkit security software,Komoku,United States,19-Mar-08,,Microsoft,5000000
624,Online search software,Farecast,United States,14-Apr-08,,Microsoft,75000000
625,Mobile Internet software,Danger,United States,15-Apr-08,,Microsoft,500000000
626,Software,Kidaro,United States,26-May-08,,Microsoft,
627,Management software,Navic Networks,United States,18-Jun-08,,Microsoft,
628,Semantic Search,Powerset,United States,11-Aug-08,,Microsoft,
629,Data software,DATAllegro,United States,16-Sep-08,,Microsoft,
630,Search and e-commerce services,Greenfield Online,United States,28-Sep-08,,Microsoft,486000000
631,Bioinformatics solutions for life science research,Rosetta Biosoftware,United States,1-Jun-09,,Microsoft,
632,Software,Interactive Supercomputing,United States,22-Sep-09,,Microsoft,
633,Software for the healthcare industry,"Sentillion, Inc.",United States,2-Feb-10,,Microsoft,
634,.Net monitoring technology,"AVIcode, Inc.",United States,6-Oct-10,,Microsoft,
635,3-D sensing technology,"Canesta, Inc.",United States,29-Oct-10,,Microsoft,
636,Software,Prodiance,United States,7-Jun-11,,Microsoft,
637,Video games,Twisted Pixel Games,United States,12-Oct-11,,Microsoft,
638,Video search,Videosurf,United States,22-Nov-11,,Microsoft,100000000
639,Social networking,Yammer,United States,25-Jun-12,,Microsoft,1200000000
640,Multi touch hardware,Perceptive Pixel,United States,9-Jul-12,,Microsoft,
641,Two-factor authentication system,PhoneFactor,United States,4-Oct-12,,Microsoft,
642,Cloud-storage appliance vendor,StorSimple,United States,16-Oct-12,,Microsoft,
643,Marketing automation firm,MarketingPilot,United States,17-Oct-12,,Microsoft,
644,Home automation,id8 Group R2 Studios,United States,3-Jan-13,,Microsoft,
645,Peer-to-peer (P2P) media distribution,Pando Networks,United States,2-Feb-13,,Microsoft,
646,Cloud monitoring,MetricsHub,United States,4-Mar-13,,Microsoft,
647,API management,Apiphany,United States,25-Oct-13,,Microsoft,
648,Customer service software,Parature,United States,7-Jan-14,,Microsoft,100000000
649,Disaster recovery solutions,InMage,United States,11-Jul-14,,Microsoft,
650,Mobile Email Apps,Acompli,United States,2-Dec-14,,Microsoft,
651,Statistical computing and predictive analytics,Revolution Analytics,United States,23-Jan-15,,Microsoft,
652,Sunrise Calendar applications,"Sunrise Atelier, Inc.",United States,4-Feb-15,,Microsoft,100000000
653,PowerPoint collaboration,LiveLoop,United States,26-Mar-15,,Microsoft,
654,Application management,BlueStripe Software,United States,10-Jun-15,,Microsoft,
655,Enterprise field service,FieldOne Systems LLC,United States,16-Jul-15,,Microsoft,
656,Sales-gamification,"Incent Games, LLC",United States,3-Aug-15,,Microsoft,
657,Organisational analytics,"VoloMetrix, Inc.",United States,3-Sep-15,,Microsoft,
658,Mobile lock screen software,"Double Labs, Inc.",United States,11-Sep-15,,Microsoft,
659,"MileIQ, a mileage tracking application","Mobile Data Labs, Inc.",United States,5-Nov-15,,Microsoft,
660,Big data analytics,Metanautix,United States,18-Dec-15,,Microsoft,
661,Mobile communications,"Talko, Inc.",United States,21-Dec-15,,Microsoft,
662,Mobile application development,Xamarin,United States,24-Feb-16,,Microsoft,
663,Conversation as a Service,Wand Labs,United States,16-Jun-16,,Microsoft,
664,Video game streaming,Beam,United States,8-Aug-16,,Microsoft,
665,AI-powered scheduling assistant service,Genee,United States,20-Aug-16,,Microsoft,
666,Professional social network,LinkedIn,United States,8-Dec-16,,Microsoft,26200000000
667,Container management,Deis,United States,10-Apr-17,,Microsoft,
668,Intentional programming,Intentional Software,United States,18-Apr-17,,Microsoft,
669,Cloud HPC,Cycle Computing,United States,15-Aug-17,,Microsoft,
670,Virtual reality,AltspaceVR,United States,3-Oct-17,,Microsoft,
671,Cinemagraphic photo app,SWNG,United States,7-Nov-17,,Microsoft,
672,Data management,Avere Systems,United States,3-Jan-18,,Microsoft,
673,Gaming backend service,Playfab,United States,29-Jan-18,,Microsoft,
674,Conversational AI,Semantic Machines,United States,18-May-18,,Microsoft,400000000
675,Video games,Undead Labs,United States,11-Jun-18,,Microsoft,
676,"Education, video discussion platform",Flipgrid,United States,18-Jun-18,,Microsoft,
677,Industrial AI platform,Bonsai,United States,20-Jun-18,,Microsoft,
678,Artificial intelligence,Lobe,United States,13-Sep-18,,Microsoft,
679,Employee engagement,Glint,United States,9-Oct-18,,Microsoft,400000000
680,Software development and version control platform,GitHub,United States,26-Oct-18,,Microsoft,7500000000
681,Video games,inXile Entertainment,United States,10-Nov-18,,Microsoft,
682,Video games,Obsidian Entertainment,United States,10-Nov-18,,Microsoft,
683,Conversational AI,XOXCO,United States,14-Nov-18,,Microsoft,
684,Application provisioning and virtualization,FSLogix,United States,19-Nov-18,,Microsoft,
685,Social networks for design and development,Spectrum,United States,30-Nov-18,,Microsoft,
686,Database management,Citus Data,United States,24-Jan-19,,Microsoft,
687,Database management,DataSense,United States,4-Feb-19,,Microsoft,
688,Real-time operating systems,Express Logic,United States,18-Apr-19,,Microsoft,
689,Electronic game development studio,Double Fine Productions,United States,9-Jun-19,,Microsoft,
690,Data privacy and Governance service,BlueTalon,United States,29-Jul-19,,Microsoft,
691,Retail E-Commerce Improvement,PromoteIQ,United States,5-Aug-19,,Microsoft,
692,Java Software Optimization,jClarity,United States,19-Aug-19,,Microsoft,
693,Cloud migration,Movere,United States,5-Sep-19,,Microsoft,
694,,Junglee,United States,4-Aug-98,,Amazon,250000000
695,,PlanetAll,United States,4-Aug-98,,Amazon,
696,,LiveBid.com,United States,12-Apr-99,,Amazon,300000000
697,,Accept.com,United States,27-Apr-99,,Amazon,101700000
698,,Alexa Internet,United States,27-Apr-99,Alexa Internet,Amazon,250000000
699,,e-Niche Incorporated,United States,27-Apr-99,,Amazon,
700,,Convergence Corporation,United States,4-Oct-99,,Amazon,23000000
701,,Tool Crib of the North (Online and Catalog Sales Division),United States,9-Nov-99,,Amazon,
702,,Back to Basics Toys,United States,30-Nov-99,,Amazon,
703,,Leep Technology Inc.,United States,31-Dec-99,,Amazon,
704,,MindCorps Incorporated,United States,1999,,Amazon,
705,,Egghead Software,United States,5-Dec-01,,Amazon,6100000
706,,OurHouse.com,United States,1-Dec,,Amazon,
707,,BookSurge,United States,4-Apr-05,CreateSpace,Amazon,
708,,CustomFlix,United States,6-Jul-05,CreateSpace,Amazon,
709,,smallparts.com,United States,2005,Amazon Business,Amazon,
710,,Shopbop,United States,27-Feb-06,Shopbop,Amazon,
711,,TextPayMe,United States,1-Oct-06,Amazon Payments,Amazon,3000000
712,,Brilliance Audio,United States,23-May-07,Brilliance Audio,Amazon,
713,,Withoutabox,United States,16-Jan-08,,Amazon,
714,,Audible,United States,28-Jan-08,Audible,Amazon,300000000
715,,Fabric.com,United States,25-Jun-08,Fabric.com,Amazon,
716,,Shelfari,United States,26-Aug-08,Goodreads,Amazon,
717,,Reflexive Entertainment,United States,21-Oct-08,Reflexive Entertainment,Amazon,
718,,Box Office Mojo,United States,17-Dec-08,Box Office Mojo,Amazon,
719,,Lexcycle,United States,27-Apr-09,Amazon Kindle,Amazon,
720,,SnapTell,United States,18-Jun-09,,Amazon,
721,,Zappos,United States,2-Nov-09,Zappos,Amazon,1200000000
722,,Touchco,United States,3-Feb-10,Amazon Kindle,Amazon,
723,,Woot,United States,2-Jul-10,Woot,Amazon,110000000
724,,Amie Street,United States,8-Sep-10,Songza,Amazon,
725,,Quidsi,United States,8-Nov-10,,Amazon,545000000
726,,Toby Press,United States,18-Nov-10,,Amazon,
727,,Yap,United States,11-Sep,Amazon Echo,Amazon,
728,,Double Helix Games,United States,5-Sep-11,Double Helix Games,Amazon,
729,,Teachstreet,United States,2-Feb-12,,Amazon,
730,,Kiva Systems,United States,19-Mar-12,Amazon Robotics,Amazon,775000000
731,,Avalon Books,United States,17-Apr-12,Amazon Publishing,Amazon,
732,,UpNext,United States,2-Jul-12,UpNext,Amazon,2500000
733,,IVONA Software,United States,24-Jan-13,Amazon Echo,Amazon,
734,,Goodreads,United States,28-Mar-13,Goodreads,Amazon,1000000000
735,,"TenMarks Education, Inc.",United States,10-Oct-13,"TenMarks Education, Inc.",Amazon,
736,,ComiXology,United States,10-Apr-14,ComiXology,Amazon,
737,,Amiato,United States,14-May,Amazon Web Services,Amazon,
738,,Twitch Interactive,United States,25-Aug-14,Twitch Interactive,Amazon,970000000
739,,Rooftop Media,United States,25-Aug-14,Audible,Amazon,
740,,GoodGame,United States,9-Dec-14,Twitch Interactive,Amazon,
741,,2lemetry,United States,12-Mar-15,Amazon Web Services,Amazon,
742,,Shoefitr,United States,10-Apr-15,,Amazon,
743,,ClusterK,United States,29-Apr-15,Amazon Web Services,Amazon,35000000
744,,AppThwack,United States,14-Jul-15,Amazon Web Services,Amazon,
745,,Elemental Technologies,United States,3-Sep-15,AWS Elemental,Amazon,500000000
746,,Safaba Translation Systems,United States,25-Sep-15,Amazon Web Services,Amazon,
747,,Biba Systems,United States,15-Sep,,Amazon,
748,,Orbeus,United States,1-Dec-15,Amazon Web Services,Amazon,
749,,Cloud9 IDE,United States,14-Jul-16,Amazon Web Services,Amazon,
750,,"Curse, Inc.",United States,16-Aug-16,Curse LLC,Amazon,
751,,Partpic,United States,2-Nov-16,,Amazon,
752,,harvest.ai,United States,9-Jan-17,Amazon Web Services,Amazon,20000000
753,,Thinkbox Software,United States,6-Mar-17,Amazon Web Services,Amazon,
754,,Do.com,United States,8-Mar-17,Amazon Web Services,Amazon,
755,Consumer Goods,Whole Foods Market,United States,16-Jun-17,Whole Foods Market,Amazon,13700000000
756,,Graphiq,United States,20-Jul-17,Amazon Web Services,Amazon,50000000
757,,Body Labs,United States,3-Oct-17,Body Labs,Amazon,60000000
758,,Goo Technologies,United States,28-Nov-17,Amazon Sumerian,Amazon,
759,,Dispatch,United States,17-Nov,Amazon Scout,Amazon,
760,,Blink Home,United States,17-Dec,Blink Home,Amazon,90000000
761,,Sqrrl,United States,23-Jan-18,Amazon Web Services,Amazon,40000000
762,,Ring,United States,27-Feb-18,Ring,Amazon,839000000
763,,PillPack,United States,28-Jun-18,PillPack,Amazon,753000000
764,,Eero,United States,11-Feb-19,Eero,Amazon,97000000
765,,Canvas Technology,United States,10-Apr-19,Amazon Robotics,Amazon,
766,,Sizmek Ad Server and Sizmek Dynamic Creative Optimization,United States,31-May-19,,Amazon,
767,,Bebo,United States,18-Jun-19,Twitch Interactive,Amazon,25000000
768,,INLT,United States,24-Sep-19,INLT,Amazon,
769,Digital magazine subscription service,Texture,"United States, Canada",12-Mar-18,"Apple News, News+",Apple,
770,Social search,Summize,United States,15-Jul-08,,Twitter,
771,Tweetie,Atebits,United States,9-Apr-10,,Twitter,
772,Web and desktop client,TweetDeck,United States,25-May-11,,Twitter,40000000
773,Social media intelligence,Hotspots.io,United States,16-Apr-12,,Twitter,
774,Personalized email marketing,RestEngine,United States,10-May-12,,Twitter,
775,Social TV analytics,Bluefin Labs,United States,6-Feb-13,,Twitter,80000000
776,Local Discovery,Spindle Labs,United States,19-Jun-13,,Twitter,
777,,Locomatix,United States,2-Aug-13,,Twitter,
778,Deep Learning,Madbits,United States,17-Jul-14,,Twitter,
779,Machine Learning,Whetlab,United States,17-Jun-15,,Twitter,
780,Push Notification Services,ZeroPush,United States,21-Oct-15,,Twitter,
781,Employee and Manager Feedback Tool,Peer,United States,8-Apr-16,,Twitter,
782,Social Apps Developer,"Yes, Inc",United States,1-Dec-16,,Twitter,
783,Spam & Fraud Prevention Service,Smyte,United States,21-Jun-18,,Twitter,
784,,Endaga,United States,3-Oct-15,,Facebook,
785,,Nascent Objects,United States,19-Sep-16,,Facebook,
786,Business strategy consulting,Mainspring,United States,7-Jun-01,,IBM,80000000
787,Database software,Informix Corporation,United States,2-Jul-01,,IBM,1000000000
788,Software,"CrossWorlds Software, Inc.",United States,14-Jan-02,,IBM,129000000
789,Enterprise storage,"Trellisoft, Inc.",United States,19-Aug-02,,IBM,
790,Business Consulting and Technology Services,PWC Consulting from PricewaterhouseCoopers,United States,2-Oct-02,,IBM,3500000000
791,Software,Access360,United States,6-Oct-02,,IBM,
792,Product lifecycle management,EADS Matra Datavision,United States,7-Oct-02,,IBM,
793,Software Development,Rational Software Corporation,United States,21-Feb-03,,IBM,2100000000
794,Software,Information Laboratory,United States,1-Jul-03,,IBM,
795,Enterprise Information Integration,CrossAccess Corporation,United States,17-Oct-03,,IBM,
796,Automated Self-Checkout Systems,"Productivity Solutions, Inc.",United States,13-Nov-03,,IBM,
797,Content management software,"Green Pasture Software, Inc.",United States,17-Dec-03,,IBM,
798,Product information management,Trigo Technologies,United States,6-Apr-04,,IBM,
799,Infrastructure management,Candle Corporation,United States,7-Jun-04,,IBM,
800,Business Intelligence,Alphablox Corporation,United States,14-Jul-04,,IBM,
801,Application management software,Cyanea Systems,United States,29-Jul-04,,IBM,
802,Enterprise Information Integration,Venetica,United States,7-Oct-04,,IBM,
803,Business process services,Liberty Insurance Services,United States,23-Nov-04,,IBM,
804,Identity management,Systems Research & Development,United States,7-Jan-05,,IBM,
805,Application Services,Corio,United States,16-Mar-05,,IBM,182000000
806,Enterprise Information Integration,Ascential Software Corporation,United States,29-Apr-05,,IBM,1100000000
807,Application Server,Gluecode Software,United States,10-May-05,,IBM,
808,Asset Management,Isogon Corporation,United States,27-Jul-05,,IBM,
809,Service Oriented Architecture (SOA),"DataPower Technology, Inc.",United States,14-Oct-05,,IBM,
810,Information management software,"iPhrase Systems, Inc.",United States,1-Nov-05,,IBM,
811,Network management,"Collation, Inc.",United States,15-Nov-05,,IBM,
812,Portal-based tools,"Bowstreet, Inc.",United States,20-Dec-05,,IBM,
813,Semiconductor Manufacturing software,ARGUS Semiconductor Software From INFICON,United States,27-Jan-06,,IBM,
814,IT Financial Management,"CIMS Lab, Inc.",United States,20-Jan-06,,IBM,
815,Supply chain optimization,"Viacore, Inc.",United States,8-Feb-06,,IBM,
816,Network management,"Micromuse, Inc.",United States,14-Feb-06,,IBM,865000000
817,Identity management,Language Analysis Systems,United States,16-Mar-06,,IBM,
818,Software Development,"BuildForge, Inc.",United States,2-May-06,,IBM,
819,Metadata management,"Unicorn Solutions, Inc.",United States,5-May-06,,IBM,
820,Service Oriented Architecture software,"Webify Solutions, Inc",United States,1-Aug-06,,IBM,
821,Asset Management,MRO Software,United States,5-Oct-06,,IBM,740000000
822,Content management software,FileNet Corporation,United States,12-Oct-06,,IBM,1600000000
823,Information security,Internet Security Systems (ISS),United States,20-Oct-06,,IBM,1300000000
824,Management consulting,Palisades Technology Partners,United States,20-Oct-06,,IBM,
825,Telecommunications Management,Vallent Corporation,United States,13-Feb-07,,IBM,
826,Data Mobility,Softek Storage Solutions Corporation,United States,1-Mar-07,,IBM,
827,Enterprise Data Consulting,"BlackDot Networks, Inc.",United States,18-Mar-07,,IBM,
828,Security Software Testing,Watchfire Corporation,United States,20-Jul-07,,IBM,
829,Web conferencing and communications,WebDialogs,United States,21-Aug-07,,IBM,
830,Business Intelligence,"Princeton Softech, Inc.",United States,10-Sep-07,,IBM,
831,Storage Consulting and Technology Services,NovusCG,United States,24-Oct-07,,IBM,
832,Business Intelligence,AptSoft Corporation,United States,18-Jan-08,,IBM,
833,Data backup services,Arsenal Digital Solutions,United States,31-Jan-08,,IBM,
834,Enterprise Single Sign-On,"Encentuate, Inc.",United States,11-Mar-08,,IBM,
835,Data De-duplication,Diligent Technologies,United States,18-Apr-08,,IBM,200000000
836,Data Feed Connectors,InfoDyne Corporation,United States,29-Apr-08,,IBM,
837,"Mainframe, System Z technologies",Platform Solutions,United States,2-Jul-08,,IBM,
838,Data Discovery Software,Exeros Assets,United States,5-May-09,,IBM,
839,Statistical analysis software,SPSS Inc.,United States,28-Jul-09,,IBM,1200000000
840,Source code analysis,Ounce Labs,United States,28-Jul-09,,IBM,
841,Business Process Management,Lombardi,United States,16-Dec-09,,IBM,
842,Public sector consulting,"National Interest Security Company, LLC",United States,20-Jan-10,,IBM,
843,Data integrity software,Initiate Systems,United States,3-Feb-10,,IBM,
844,Network Automation software,Intelliden Inc.,United States,16-Feb-10,,IBM,
845,Cloud Integration,Cast Iron Systems,United States,3-May-10,,IBM,190000000
846,Business software integration,Sterling Commerce,United States,24-May-10,,IBM,1400000000
847,Web Analytics,Coremetrics,United States,15-Jun-10,,IBM,
848,Security and IT automation software,"BigFix, Inc.",United States,1-Jul-10,,IBM,
849,Data Compression,Storwize,United States,29-Jul-10,,IBM,140000000
850,Data capture and Content Management,Datacap,United States,10-Aug-10,,IBM,
851,Marketing planning software,Unica Corporation,United States,13-Aug-10,,IBM,480000000
852,Integrated risk management solutions,OpenPages,United States,15-Sep-10,,IBM,
853,Data warehousing and analytics,Netezza,United States,20-Sep-10,,IBM,1700000000
854,Networking,BLADE Network Technologies,United States,27-Sep-10,,IBM,
855,Legal risk management,PSS Systems,United States,13-Oct-10,,IBM,
856,Facility and Real Estate Management,Tririga Inc.,United States,22-Mar-11,,IBM,
857,Security Intelligence,Q1 Labs[121],United States,4-Oct-11,,IBM,
858,Cloud-based Retail Analytics,DemandTec,United States,8-Dec-11,,IBM,440000000
859,Supply Chain Analytics,Emptoris,United States,15-Dec-11,,IBM,
860,Enterprise Search Software,Vivisimo,United States,25-Apr-12,,IBM,
861,Customer Experience Analytics Software,Tealeaf Technology,United States,2-May-12,,IBM,
862,Solid State Storage,Texas Memory Systems,United States,16-Aug-12,,IBM,
863,Human Capital Solutions,Kenexa Corporation,United States,27-Aug-12,,IBM,1400000000
864,Big Data Analysis,StoredIQ,United States,19-Dec-12,,IBM,
865,Business Analytics,Star Analytics,United States,1-Feb-13,,IBM,
866,Software delivery automation,UrbanCode,United States,22-Apr-13,,IBM,
867,Cloud Computing Infrastructure,SoftLayer Technologies,United States,4-Jun-13,,IBM,2000000000
868,In-app mobile messaging and push notification tools,Xtify,United States,3-Oct-13,,IBM,
869,Mobile Device Management,Fiberlink Communications,United States,13-Nov-13,,IBM,330000000
870,Data Transfer Technology,"Aspera, Inc.",United States,19-Dec-13,,IBM,
871,Database-as-a-Service,"Cloudant, Inc.",United States,24-Feb-14,,IBM,
872,Behavioral Marketing Automation,"Silverpop Systems, Inc.",United States,10-Apr-14,,IBM,
873,Cognitive computing (conversational artificial intelligence platform),Cognea,United States,19-May-14,,IBM,
874,Cloud Security,Lighthouse Security Group,United States,11-Aug-14,,IBM,
875,"Natural language processing, big data",AlchemyAPI,United States,4-Mar-15,,IBM,
876,"Web Search Engine, Cognitive Computing",Blekko,United States,27-Mar-15,,IBM,
877,Healthcare analytics,Explorys,United States,13-Apr-15,,IBM,
878,Health management software,Phytel,United States,13-Apr-15,,IBM,
879,Private Cloud as a Service,Bluebox,United States,3-Jun-15,,IBM,
880,Database as a Service,Compose Inc.,United States,23-Jul-15,,IBM,
881,Healthcare imaging software,Merge Healthcare Inc.,United States,6-Aug-15,,IBM,1000000000
882,Mobile API capabilities,StrongLoop Inc.,United States,10-Sep-15,,IBM,
883,Consulting services for Workday applications,Meteorix LLC,United States,28-Sep-15,,IBM,
884,"Weather data sources and analytics, related online and mobile products",The Weather Company digital assets,United States,28-Oct-15,,IBM,
885,Cloud brokerage software and cloud management,"Gravitant, Inc",United States,3-Nov-15,,IBM,
886,Object-based storage software,Cleversafe,United States,6-Nov-15,,IBM,1309000000
887,Cloud-based video management,Clearleap,United States,8-Dec-15,,IBM,
888,Streaming video,Ustream,United States,21-Jan-16,,IBM,
889,Digital marketing and creative agency,Resource/Ammirati,United States,28-Jan-16,,IBM,
890,"Cloud-based Healthcare data, analytics and insights",Truven Health Analytics,United States,18-Feb-16,,IBM,2600000000
891,"Cyber security, incident response platform",Resilient Systems,United States,29-Feb-16,,IBM,
892,Salesforce systems integrator and professional services,Blue Wolf Group LLC,United States,31-Mar-16,,IBM,200000000
893,Risk management and regulatory compliance,Promontory Financial Group,United States,29-Sep-16,,IBM,
894,Information security,Agile 3 Solutions,United States,3-Feb-17,,IBM,
895,Cloud services,Verizon - Cloud services,United States,2-May-17,,IBM,
896,Aggregation/analytics software for financial services firms,"Armanta, Inc.",United States,3-May-18,,IBM,
897,Open Source Software,Red Hat,United States,9-Jul-19,,IBM,34000000000
898,,facebook.com domain name,United States,23-Aug-05,name change from Thefacebook.com,Facebook,200000
899,,ParaKey,United States,19-Jul-07,Facebook Mobile,Facebook,
900,,ConnectU,United States,23-Jun-08,(Court settlement),Facebook,31000000
901,,FriendFeed,United States,10-Aug-09,,Facebook,47500000
902,,Divvyshot,United States,2-Mar-10,Facebook Photos,Facebook,
903,,Friendster patents,United States,13-May-10,,Facebook,40000000
904,,ShareGrove,United States,26-May-10,Facebook Groups,Facebook,
905,,Zenbe,United States,6-Jul-10,Facebook Messenger,Facebook,
906,,Nextstop,United States,8-Jul-10,,Facebook,2500000
907,,Chai Labs,United States,15-Aug-10,,Facebook,10000000
908,,Hot Potato,United States,20-Aug-10,Facebook Places,Facebook,10000000
909,,Drop.io,United States,29-Oct-10,,Facebook,10000000
910,,FB.com domain name,United States,15-Nov-10,,Facebook,8500000
911,,Rel8tion,United States,25-Jan-11,,Facebook,
912,,Beluga,United States,2-Mar-11,Facebook Messenger,Facebook,
913,,RecRec,United States,24-Mar-11,,Facebook,
914,,DayTum,United States,27-Apr-11,,Facebook,
915,,MailRank,United States,9-Jun-11,,Facebook,
916,,Push Pop Press,United States,2-Aug-11,,Facebook,
917,,Friend.ly,United States,10-Oct-11,,Facebook,
918,,Strobe,United States,8-Nov-11,Mobile engineering team,Facebook,
919,,Gowalla,United States,2-Dec-11,,Facebook,
920,,Caffeinatedmind,United States,20-Feb-12,,Facebook,
921,,Instagram,United States,9-Apr-12,,Facebook,1000000000
922,,Tagtile,United States,13-Apr-12,,Facebook,
923,,Glancee,United States,5-May-12,,Facebook,
924,,Karma,United States,21-May-12,Facebook Gifts,Facebook,
925,,Spool,United States,14-Jul-12,Mobile engineering team,Facebook,
926,,Threadsy,United States,24-Aug-12,,Facebook,
927,,Atlas Solutions,United States,28-Feb-13,,Facebook,100000000
928,,osmeta,United States,13-Mar,,Facebook,
929,,Storylane (Mixtent),United States,13-Mar,,Facebook,
930,,Hot Studio,United States,14-Mar-13,,Facebook,
931,,Spaceport,United States,23-Apr-13,,Facebook,
932,,Parse,United States,25-Apr-13,,Facebook,85000000
933,,Jibbigo,United States,12-Aug-13,,Facebook,
934,,SportStream,United States,17-Dec-13,,Facebook,
935,,Branch,United States,13-Jan-14,,Facebook,15000000
936,Messaging,WhatsApp,United States,19-Feb-14,,Facebook,19000000000
937,,Oculus VR,United States,25-Mar-14,,Facebook,2000000000
938,,PrivateCore,United States,7-Aug-14,,Facebook,
939,,LiveRail,United States,14-Aug-14,,Facebook,500000000
940,,WaveGroup Sound,United States,26-Aug-14,,Facebook,
941,,Wit.ai,United States,6-Jan-15,,Facebook,
942,,Quickfire Networks,United States,8-Jan-15,,Facebook,
943,,"TheFind, Inc.",United States,14-Mar-15,,Facebook,
944,,CrowdTangle,United States,11-Nov-16,,Facebook,
945,,Faciometrics,United States,16-Nov-16,,Facebook,
946,,Ozlo,United States,31-Jul-17,Facebook Messenger,Facebook,
947,,tbh,United States,16-Oct-17,,Facebook,
948,,Confirm,United States,23-Jan-18,,Facebook,
949,,Vidpresso,United States,13-Aug-18,,Facebook,
950,,GrokStyle,United States,8-Feb-19,,Facebook,
951,,CTRL-labs,United States,"September, 2019",Facebook Reality Labs,Facebook,750000000
952,Web search engine,Net Controls,United States,Sep-97,Yahoo! Search,Yahoo,1400000
953,Web-based email,Four11,United States,8-Oct-97,Yahoo! Mail,Yahoo,92000000
954,Online game,Classic Games,United States,31-Mar-98,Yahoo! Games,Yahoo,
955,Fantasy sport,Sportasy,United States,29-Apr-98,Yahoo! Fantasy Sports,Yahoo,
956,Web application,Viaweb,United States,8-Jun-98,Yahoo! Store,Yahoo,48600000
957,Calendaring software,Webcal,United States,17-Jul-98,Yahoo Calendar,Yahoo,21000000
958,Direct marketing,Yoyodyne,United States,12-Oct-98,Yahoo! Search Marketing,Yahoo,29600000
959,Data analysis,Hyperparallel,United States,Dec-98,Yahoo! Search,Yahoo,8100000
960,Internet radio,Broadcast.com,United States,1-Apr-99,Yahoo! Music Radio (defunct),Yahoo,5700000000
961,Internet service provider,Encompass,United States,27-May-99,Yahoo!,Yahoo,130000000
962,Web hosting service,GeoCities,United States,28-May-99,Yahoo! GeoCities,Yahoo,3600000000
963,Content delivery network,Online Anywhere,United States,2-Jun-99,Yahoo! TV,Yahoo,80000000
964,E-commerce payment systems,Arthas.com,United States,23-Mar-00,Yahoo! Store,Yahoo,
965,Internet service provider,MyQuest,United States,5-Apr-00,Yahoo!,Yahoo,
966,E-commerce,VivaSmart,United States,30-Jun-00,Yahoo! Shopping,Yahoo,8900000
967,Electronic mailing list,eGroups,United States,31-Aug-00,Yahoo! Groups,Yahoo,432000000
968,Online music store,LAUNCH Media,United States,28-Jun-01,Yahoo! Music,Yahoo,12000000
969,Job search engine,Hotjobs.com,United States,12-Feb-02,Yahoo! HotJobs,Yahoo,436000000
970,Internet service provider,Inktomi Corporation,United States,23-Dec-02,Yahoo! Search,Yahoo,235000000
971,Search engine marketing,"Overture Services, Inc.",United States,14-Jun-03,Yahoo! Search Marketing,Yahoo,1630000000
972,Web-based email,Oddpost,United States,12-Jul-04,Yahoo! Mail,Yahoo,30000000
973,Audio player,Musicmatch Jukebox,United States,14-Sep-04,Yahoo! Music,Yahoo,160000000
974,Web-based email,Stata Labs,United States,22-Oct-04,Yahoo! Mail,Yahoo,
975,Mobile media,WUF Networks,United States,7-Dec-04,Yahoo! Mobile,Yahoo,
976,Wireless data sharing,Verdisoft,United States,11-Feb-05,Yahoo! Mobile,Yahoo,58000000
977,Online game,Stadeon,United States,4-Mar-05,Yahoo! Games,Yahoo,
978,Voice over Internet Protocol,Dialpad,United States,14-Jun-05,Yahoo! Voice,Yahoo,
979,Weblog software,blo.gs,United States,14-Jun-05,Yahoo! 360°,Yahoo,
980,Widget engine,Konfabulator,United States,25-Jul-05,Yahoo! Widgets,Yahoo,
981,Calendaring software,Upcoming.org,United States,4-Oct-05,Yahoo! Local,Yahoo,
982,Social bookmarking,del.icio.us,United States,12-Dec-05,del.icio.us,Yahoo,20000000
983,Online music store,Webjay,United States,9-Jan-06,Yahoo! Music,Yahoo,
984,Web search engine,SearchFox,United States,17-Jan-06,Yahoo! Search,Yahoo,
985,Digital video recorder,Meedio,United States,18-Apr-06,Yahoo! Go,Yahoo,
986,Online video editing,Jumpcut.com,United States,27-Sep-06,Yahoo! Video,Yahoo,
987,Online advertising,AdInterax,United States,17-Oct-06,Yahoo! Search Marketing,Yahoo,
988,Social media,Bix.com,United States,16-Nov-06,Bix,Yahoo,
989,Social network service,MyBlogLog,United States,8-Jan-07,MyBlogLog,Yahoo,
990,Online advertising,Right Media,United States,29-Apr-07,Yahoo! Search Marketing,Yahoo,850000000
991,College sports,Rivals.com,United States,20-Jun-07,Yahoo! Sports,Yahoo,
992,Advertising network,BlueLithium,United States,4-Sep-07,Yahoo! Search Marketing,Yahoo,300000000
993,News site,BuzzTracker,United States,14-Sep-07,Yahoo! News,Yahoo,
994,Collaborative software,Zimbra,United States,17-Sep-07,Zimbra,Yahoo,350000000
995,Browser extension,FoxyTunes,United States,5-Feb-08,FoxyTunes,Yahoo,
996,Video on demand,Maven Networks,United States,12-Feb-08,Yahoo! Video,Yahoo,160000000
997,Browser extension,Inquisitor,United States,9-May-08,Inquisitor,Yahoo,
998,Webmail applications,Xoopit,United States,22-Jul-09,Yahoo! Mail,Yahoo,20000000
999,Sports Social media,citizensports.com,United States,17-Mar-10,citizensports.com,Yahoo,
1000,Content farm,Associated Content,United States,18-May-10,Associated Content,Yahoo,
1001,Recognize TV content,IntoNow,United States,25-Apr-11,IntoNow,Yahoo,20000000
1002,Data driven advertising,Interclick,United States,1-Nov-11,Yahoo! Ad Network,Yahoo,270000000
1003,Social recommendation,Stamped,United States,25-Oct-12,Yahoo! Mobile,Yahoo,
1004,OnTheAir,OnTheAir,United States,4-Dec-12,IntoNow,Yahoo,
1005,Social network,Snip.it,United States,22-Jan-13,Snip.it,Yahoo,10000000
1006,Social recommendation,Alike,United States,12-Feb-13,Yahoo! Mobile,Yahoo,
1007,Social recommendation,Jybe,United States,20-Mar-13,Jybe,Yahoo,
1008,Productivity,Astrid,United States,1-May-13,Astrid,Yahoo,
1009,Real-time surveys,GoPollGo,United States,9-May-13,Yahoo Mobile Properties and Apps,Yahoo,
1010,Flight rewards management,MileWise,United States,9-May-13,Yahoo Mobile Properties and Apps,Yahoo,
1011,Mobile gaming,Loki Studios,United States,10-May-13,Yahoo Mobile Properties and Apps,Yahoo,
1012,Blogging,Tumblr,United States,17-May-13,,Yahoo,1100000000
1013,Online gaming,PlayerScale,United States,23-May-13,Yahoo Mobile Properties and Apps,Yahoo,
1014,Mobile Photography Apps,GhostBird Software,United States,12-Jun-13,Yahoo Mobile Properties and Apps,Yahoo,
1015,Video Conferencing,Rondee,United States,13-Jun-13,,Yahoo,
1016,Fantasy Sports,Bignoggins Productions,United States,2-Jul-13,,Yahoo,
1017,Automated Video Production,Qwiki,United States,2-Jul-13,,Yahoo,50000000
1018,CRM,Xobni,United States,3-Jul-13,,Yahoo,68000000
1019,ecommerce Analytics,Lexity,United States,31-Jul-13,,Yahoo,35000000
1020,News Aggregator,Rockmelt,United States,2-Aug-13,,Yahoo,
1021,Image Recognition,IQ Engines,United States,23-Aug-13,Flickr,Yahoo,
1022,Sports,Hitpost,United States,30-Sep-13,,Yahoo,
1023,Advertising,Bread,United States,11-Oct-13,,Yahoo,
1024,Image Recognition,LookFlow,United States,23-Oct-13,Flickr,Yahoo,
1025,Video sharing,Ptch,United States,3-Dec-13,,Yahoo,6500000
1026,Live and on demand music playing,EvntLive,United States,6-Dec-13,,Yahoo,
1027,Cross Platform Video Streaming,Quik.io,United States,9-Dec-13,,Yahoo,
1028,Content Delivery Network,PeerCDN,United States,17-Dec-13,,Yahoo,
1029,Intelligent homescreen for the Android OS,Aviate,United States,7-Jan-14,,Yahoo,
1030,Mobile Marketing,SPARQ,United States,21-Jan-14,,Yahoo,
1031,Conversation platform,Tomfoolery,United States,28-Jan-14,,Yahoo,
1032,Time Management App,Incredible Labs,United States,30-Jan-14,,Yahoo,
1033,Social Diary,Wander,United States,11-Feb-14,,Yahoo,
1034,Technical Recruiting,Distill,United States,13-Feb-14,,Yahoo,
1035,Social media information transformation,Vizify,United States,5-Mar-14,,Yahoo,
1036,Mobile Messaging,Blink,United States,13-May-14,,Yahoo,
1037,Photo Management,PhotoDrive,United States,10-Jun-14,,Yahoo,
1038,Mobile Analytics,Flurry,United States,21-Jul-14,,Yahoo,200000000
1039,Advertising,Luminate,United States,5-Sep-14,,Yahoo,
1040,Messaging App,MessageMe,United States,4-Oct-14,,Yahoo,
1041,Online Video Advertising,BrightRoll,United States,11-Nov-14,,Yahoo,640000000
1042,Photo Viewing,Cooliris,United States,21-Nov-14,,Yahoo,
1043,Clothing E-commerce website,Polyvore,United States,31-Jul-15,,Yahoo,160000000
1044,Wearable Devices,Fitbit,United States,1-Jan-20,,Alphabet,2100000000
1045,Enterprise Information Integration,DWL,"USA, CAN",2-Aug-05,,IBM,
1046,Business Process Management,"Holosofx, Inc.","USA, EGY",12-Sep-02,,IBM,
1047,Database software,Solid Information Technology,"USA, FIN",29-Jan-08,,IBM,
1048,Application Management,Meiosys,"USA, FRA",23-Jun-05,,IBM,
1049,Application Recovery Software,FilesX,"USA, ISR",21-Apr-08,,IBM,
1050,Database monitoring and protection,Guardium,"USA, ISR",30-Nov-09,,IBM,
1051,Virtualization Software,Transitive Corporation,"USA, UK",18-Nov-08,,IBM,
1052,Cloud based software testing,Green Hat (software company)[127],"USA, UK",4-Jan-12,,IBM,
1053,Intelligent maintenance repair and operations (MRO) solutions,Oniqua Holdings Pty Ltd.,USA AUS,15-Jun-18,,IBM,
1054,,FameBit,,11-Oct-16,YouTube,Alphabet,
1055,,Eyefluence,,24-Oct-16,Google VR,Alphabet,
1056,,Qwiklabs,,21-Nov-16,Google Cloud Platform,Alphabet,
1057,Application Regionalization Firm,Gipsy Moth Studios,,10-May-10,"iPod, iPhone, iPad",Apple,121000000
1058,Social software development,Values of n,,24-Nov-08,,Twitter,
1059,Location information engine,Mixer labs,,23-Dec-09,,Twitter,5170000
1060,Mobile messaging,Cloudhopper,,23-Apr-10,,Twitter,
1061,Databases and analytics,Smallthought Systems,,10-Jun-10,,Twitter,
1062,Q&A service,Fluther,,21-Dec-10,,Twitter,
1063,Advertising,AdGrok,,1-Jun-11,,Twitter,
1064,Social analytics,BackType,,5-Jul-11,,Twitter,
1065,Social sharing and discovery,Bagcheck,,8-Aug-11,,Twitter,
1066,Real-time social search engine,Julpan,,21-Sep-11,,Twitter,
1067,Mobile privacy and security,Whisper Systems,,28-Nov-11,,Twitter,
1068,Social news,Summify,,19-Jan-12,,Twitter,
1069,Internet security,Dasient,,24-Jan-12,,Twitter,
1070,Blogging platform,Posterous,,12-Mar-12,,Twitter,
1071,Boutique design agency,Nclud,,4-Jun-12,,Twitter,
1072,A/B Tester,Clutch.IO,,13-Aug-12,,Twitter,
1073,Video Sharing Service,Vine,,9-Oct-12,,Twitter,30000000
1074,Mobile app building software,Cabana,,16-Oct-12,,Twitter,
1075,Crash reporting,Crashlytics,,28-Jan-13,,Twitter,100000000
1076,Large-scale computing,Ubalo,,9-May-13,,Twitter,
1077,Big Data visualization,Lucky Sort,,13-May-13,,Twitter,
1078,Training services,Marakana,,13-Aug-13,,Twitter,
1079,Advertising solutions,Trendrr,,28-Aug-13,,Twitter,
1080,Advertising solutions,MoPub,,9-Sep-13,,Twitter,350000000
1081,Android Lockscreen App,Cover,,7-Apr-14,,Twitter,
1082,Data reseller,Gnip,,15-Apr-14,,Twitter,134000000
1083,Native mobile advertising,Namo Media,,5-Jun-14,,Twitter,50000000
1084,Mobile app install ads,TapCommerce,,5-Jun-14,,Twitter,100000000
1085,Live Clipping Service,SnappyTV,,19-Jun-14,,Twitter,
1086,Payment application platform,CardSpring,,29-Jul-14,,Twitter,
1087,Password security,Mitro,,1-Aug-14,,Twitter,
1088,Photo-Sharing Website,Twitpic,,25-Oct-14,,Twitter,
1089,Advertising and software,Niche,,11-Feb-15,,Twitter,
1090,Live-Video Streaming,Periscope (app),,9-Mar-15,,Twitter,100000000
1091,Collaboration Platform,TenXer,,2-Apr-15,,Twitter,50000000
1092,Advertising,TellApart,,28-Apr-15,,Twitter,479000000
1093,Deployment Services,Fastlane,,21-Oct-15,,Twitter,
1094,Highlight sharing application,Highly,,17-Apr-19,,Twitter,
1095,Natural Language Processing,SkyPhrase,,2-Dec-13,,Yahoo,
1096,Virtual world gaming,Cloud Party,,24-Jan-14,,Yahoo,
1097,Online auction,Up4Sale.com,United States,16-Jul-98,,eBay,
1098,Auction house,Butterfield & Butterfield,United States,27-Apr-99,,eBay,260000000.00
1099,E-commerce payment systems,Billpoint,United States,18-May-99,,eBay,
1100,Car auctions,Kruse International,United States,18-May-99,,eBay,
1101,Auction house,Alando,Germany,22-Jun-99,,eBay,43000000.00
1102,Listing tool,Blackthorne,United States,Oct-99,,eBay,
1103,Online marketplace,Half.com,United States,13-Jun-00,,eBay,318000000.00
1104,E-commerce payment systems,Precision Buying Service[note 1],United States,12-Dec-00,,eBay,
1105,Online auction,Internet Auction Co.,South Korea,8-Jan-01,,eBay,120000000.00
1106,Online auction,iBazar,France,5-Mar-01,,eBay,93000000.00
1107,E-commerce payment systems,PayPal,United States,8-Jul-02,,eBay,1500000000.00
1108,Online auction,CARad.com,United States,31-Jan-03,,eBay,
1109,Electronic commerce,EachNet,China,11-Jul-03,,eBay,150000000.00
1110,Vehicles classifieds,mobile.de,Germany,24-Jan-04,,eBay,152000000.00
1111,Online auction,Baazee.com,India,22-Jun-04,,eBay,50000000.00
1112,Classified advertising,Craigslist[note 2],United States,14-Aug-04,,eBay,13500000.00
1113,Classified advertising,Marktplaats.nl,Netherlands,10-Nov-04,,eBay,290000000.00
1114,Classified advertising,Rent.com,United States,16-Dec-04,,eBay,415000000.00
1115,Classified advertising,Loquo,Spain,18-May-05,,eBay,
1116,Classified advertising,Gumtree,United Kingdom,19-May-05,,eBay,
1117,Price comparison service,Shopping.com,Israel,2-Jun-05,,eBay,620000000.00
1118,Classified advertising,OpusForum.org,Germany,30-Jun-05,,eBay,
1119,Software for voice & video calls,Skype Limited[note 3],Luxembourg,13-Sep-05,,eBay,2600000000.00
1120,Online auction,Tradera,Sweden,24-Apr-06,,eBay,48000000.00
1121,Browser plugin,StumbleUpon[note 4],Canada,30-May-07,,eBay,75000000.00
1122,Electronic commerce,StubHub,United States,10-Jan-07,,eBay,310000000.00
1123,Electronic commerce,GittiGidiyor,Turkey,3-May-07,,eBay,217500000.00
1124,Social network service,Meetup.com[note 5],United States,9-Mar-06,,eBay,10000000.00
1125,Online risk management,Fraud Sciences,Israel,29-Jan-08,,eBay,169000000.00
1126,Electronic commerce,Bill Me Later,United States,6-Oct-08,,eBay,1200000000.00
1127,Classified advertising,dba.dk & bilbasen.dk,Denmark,6-Oct-08,,eBay,390000000.00
1128,Machine learning,Positronic Inc.,United States,8-Jan-09,,eBay,
1129,Electronic commerce,G-Market,South Korea,15-Apr-09,,eBay,1200000000.00
1130,Electronic commerce,Magento,United States,15-Mar-10,,eBay,225000000.00
1131,Mobile applications,RedLaser,United States,23-Jun-10,,eBay,10000000.00
1132,Shopping engine,Milo.com,United States,2-Dec-10,,eBay,75000000.00
1133,Electronic commerce,brands4friends,Germany,20-Dec-10,,eBay,200000000.00
1134,Marketing/fulfillment,GSI Commerce,United States,28-Mar-11,,eBay,2400000000.00
1135,Local search and recommendation,"Where, Inc.",United States,28-Mar-11,,eBay,135000000.00
1136,Nonprofit fundraising,MissionFish,United States,2-May-11,,eBay,
1137,Online classifieds,alaMaula,Argentina,23-Jun-11,,eBay,
1138,Payments through mobile carrier billing,Zong,United States,7-Jul-11,,eBay,240000000.00
1139,Group purchasing of gifts,The Gifts Project,Israel,8-Sep-11,,eBay,50000000.00
1140,Local event listings,Zvents,United States,11-Dec-11,,eBay,
1141,Billing technology,BillSAFE,Germany,22-Dec-11,,eBay,
1142,Social shopping,Svpply,United States,6-Sep-12,,eBay,
1143,Classified advertising,2dehands.be and 2ememain.be,Belgium,4-Jul-13,,eBay,
1144,Price forecasting,Decide.com,United States,6-Sep-13,,eBay,
1145,Payments,Braintree,United States,26-Sep-13,,eBay,800000000.00
1146,Content / commerce,Bureau of Trade,United States,27-Sep-13,,eBay,
1147,Rapid fulfillment service,Shutl,United Kingdom,22-Oct-13,,eBay,
1148,Virtual clothing,PhiSix Fashion Labs,United States,19-Feb-14,,eBay,
1149,Online classifieds,Vivanuncios,Mexico,28-Jan-15,,eBay,
1150,Secondhand clothing retailer,Twice,United States,20-Jul-15,,eBay,
1151,Inventory management,Cargigi,United States,29-Mar-16,,eBay,
1152,Machine learning,ExpertMaker,Sweden,5-May-16,,eBay,
1153,Online ticket marketplace,Ticketbis,Spain,23-May-16,,eBay,
1154,Online commerce,SalesPredict,Israel,12-Jul-16,,eBay,
1155,Image recognition,Corrigon,United States,30-Oct-16,,eBay,
1156,Online commerce,Flipkart,India,1-Aug-17,,eBay,
1157,Data tools,Terapeak,United States,13-Dec-17,,eBay,
1158,Online commerce,Motors.co.uk,United Kingdom,19-Oct-18,,eBay,